1790798102.728436034 1c2acf93702b177d 5 1790797943
1790798102.989596183 1c2acf93702b177d 5 1790797943
1790798103.250540341 1c2acf93702b177d 5 1790797943
1790798103.512766350 1c2acf93702b177d 5 1790797943
1790798103.775041000 1c2acf93702b177d 5 1790797943
1790798104.035816295 1c2acf93702b177d 5 1790797943
1790798104.297114852 1c2acf93702b177d 5 1790797943
1790798104.557562037 1c2acf93702b177d 5 1790797943
1790798104.817724074 1c2acf93702b177d 5 1790797943
1790798105.080003953 1c2acf93702b177d 5 1790797943
1790798105.342928670 1c2acf93702b177d 5 1790797943
1790798105.603889330 1c2acf93702b177d 5 1790797943
1790798105.864574638 1c2acf93702b177d 5 1790797943
1790798106.126134851 1c2acf93702b177d 5 1790797943
1790798106.388210331 1c2acf93702b177d 5 1790797943
1790798106.648856186 1c2acf93702b177d 5 1790797943
1790798106.910670602 1c2acf93702b177d 5 1790797943
1790798107.172876865 1c2acf93702b177d 5 1790797943
1790798107.435877623 1c2acf93702b177d 5 1790797943
1790798107.697770374 1c2acf93702b177d 5 1790797943
1790798107.959259576 1c2acf93702b177d 5 1790797943
1790798108.219639377 1c2acf93702b177d 5 1790797943
1790798108.480731832 1c2acf93702b177d 5 1790797943
1790798108.742608965 1c2acf93702b177d 5 1790797943
1790798109.007850995 1c2acf93702b177d 5 1790797943
1790798109.269125569 1c2acf93702b177d 5 1790797943
1790798109.529847316 1c2acf93702b177d 5 1790797943
1790798109.791094248 1c2acf93702b177d 5 1790797943
1790798110.053632518 1c2acf93702b177d 5 1790797943
1790798110.314945874 1c2acf93702b177d 5 1790797943
1790798110.576501639 1c2acf93702b177d 5 1790797943
1790798110.837521510 1c2acf93702b177d 5 1790797943
1790798111.099151975 1c2acf93702b177d 5 1790797943
1790798111.360770768 1c2acf93702b177d 5 1790797943
1790798111.622020265 1c2acf93702b177d 5 1790797943
1790798111.885523187 1c2acf93702b177d 5 1790797943
1790798112.146110134 1c2acf93702b177d 5 1790797943
1790798112.408325986 1c2acf93702b177d 5 1790797943
1790798112.669938127 1c2acf93702b177d 5 1790797943
1790798112.930696092 1c2acf93702b177d 5 1790797943
1790798113.192765472 1c2acf93702b177d 5 1790797943
1790798113.453207390 1c2acf93702b177d 5 1790797943
1790798113.715661434 1c2acf93702b177d 5 1790797943
1790798113.976226501 1c2acf93702b177d 5 1790797943
1790798114.237965207 1c2acf93702b177d 5 1790797943
1790798114.500216375 1c2acf93702b177d 5 1790797943
1790798114.761577440 1c2acf93702b177d 5 1790797943
1790798115.023132285 1c2acf93702b177d 5 1790797943
1790798115.285738694 1c2acf93702b177d 5 1790797943
1790798115.547247193 1c2acf93702b177d 5 1790797943
1790798115.809608355 1c2acf93702b177d 5 1790797943
1790798116.070763117 1c2acf93702b177d 5 1790797943
1790798116.333177739 1c2acf93702b177d 5 1790797943
1790798116.594229460 1c2acf93702b177d 5 1790797943
1790798116.857705734 1c2acf93702b177d 5 1790797943
1790798117.118880263 1c2acf93702b177d 5 1790797943
1790798117.380494398 1c2acf93702b177d 5 1790797943
1790798117.641424324 1c2acf93702b177d 5 1790797943
1790798117.902556164 1c2acf93702b177d 5 1790797943
1790798118.164399815 1c2acf93702b177d 5 1790797943
1790798118.425326184 1c2acf93702b177d 5 1790797943
1790798118.685814740 1c2acf93702b177d 5 1790797943
1790798118.947511499 1c2acf93702b177d 5 1790797943
1790798119.207935035 1c2acf93702b177d 5 1790797943
1790798119.469671838 1c2acf93702b177d 5 1790797943
1790798119.730501888 1c2acf93702b177d 5 1790797943
1790798119.991155681 1c2acf93702b177d 5 1790797943
1790798120.252663871 1c2acf93702b177d 5 1790797943
1790798120.512718761 1c2acf93702b177d 5 1790797943
1790798120.775193225 1c2acf93702b177d 5 1790797943
1790798121.036551607 1c2acf93702b177d 5 1790797943
1790798121.298021215 1c2acf93702b177d 5 1790797943
1790798121.558912168 1c2acf93702b177d 5 1790797943
1790798121.819749092 1c2acf93702b177d 5 1790797943
1790798122.080489446 1c2acf93702b177d 5 1790797943
1790798122.341934048 1c2acf93702b177d 5 1790797943
1790798122.603916087 1c2acf93702b177d 5 1790797943
1790798122.864272619 1c2acf93702b177d 5 1790797943
1790798123.126064385 1c2acf93702b177d 5 1790797943
1790798123.386371325 1c2acf93702b177d 5 1790797943
1790798123.647724567 1c2acf93702b177d 5 1790797943
1790798123.909327403 1c2acf93702b177d 5 1790797943
1790798124.170560503 1c2acf93702b177d 5 1790797943
1790798124.432483714 1c2acf93702b177d 5 1790797943
1790798124.693980834 1c2acf93702b177d 5 1790797943
1790798124.955156506 1c2acf93702b177d 5 1790797943
1790798125.215703342 1c2acf93702b177d 5 1790797943
1790798125.475926867 1c2acf93702b177d 5 1790797943
1790798125.736635733 1c2acf93702b177d 5 1790797943
1790798125.997464722 1c2acf93702b177d 5 1790797943
1790798126.258245242 1c2acf93702b177d 5 1790797943
1790798126.517457128 1c2acf93702b177d 5 1790797943
1790798126.778149033 1c2acf93702b177d 5 1790797943
1790798127.038660543 1c2acf93702b177d 5 1790797943
1790798127.298773653 1c2acf93702b177d 5 1790797943
1790798127.558432530 1c2acf93702b177d 5 1790797943
1790798127.818908605 1c2acf93702b177d 5 1790797943
1790798128.079304701 1c2acf93702b177d 5 1790797943
1790798128.339099009 1c2acf93702b177d 5 1790797943
1790798128.598743309 1c2acf93702b177d 5 1790797943
1790798128.857788136 1c2acf93702b177d 5 1790797943
1790798129.117848268 1c2acf93702b177d 5 1790797943
1790798129.378568556 1c2acf93702b177d 5 1790797943
1790798129.640113536 1c2acf93702b177d 5 1790797943
1790798129.900551500 1c2acf93702b177d 5 1790797943
1790798130.161062139 1c2acf93702b177d 5 1790797943
1790798130.423273797 1c2acf93702b177d 5 1790797943
1790798130.683304235 1c2acf93702b177d 5 1790797943
1790798130.943126666 1c2acf93702b177d 5 1790797943
1790798131.204240705 1c2acf93702b177d 5 1790797943
1790798131.465408896 1c2acf93702b177d 5 1790797943
1790798131.726562319 1c2acf93702b177d 5 1790797943
1790798131.987851113 1c2acf93702b177d 5 1790797943
1790798132.249977383 1c2acf93702b177d 5 1790797943
1790798132.511889545 1c2acf93702b177d 5 1790797943
1790798132.773102318 1c2acf93702b177d 5 1790797943
1790798133.034475450 1c2acf93702b177d 5 1790797943
1790798133.295648710 1c2acf93702b177d 5 1790797943
1790798133.556833311 1c2acf93702b177d 5 1790797943
1790798133.817810327 1c2acf93702b177d 5 1790797943
1790798134.078345673 1c2acf93702b177d 5 1790797943
1790798134.338696456 1c2acf93702b177d 5 1790797943
1790798134.600050382 1c2acf93702b177d 5 1790797943
1790798134.860674132 1c2acf93702b177d 5 1790797943
1790798135.121593591 1c2acf93702b177d 5 1790797943
1790798135.382672577 1c2acf93702b177d 5 1790797943
1790798135.644317042 1c2acf93702b177d 5 1790797943
1790798135.905080011 1c2acf93702b177d 5 1790797943
1790798136.167690050 1c2acf93702b177d 5 1790797943
1790798136.428782901 1c2acf93702b177d 5 1790797943
1790798136.689780997 1c2acf93702b177d 5 1790797943
1790798136.950748185 1c2acf93702b177d 5 1790797943
1790798137.211679376 1c2acf93702b177d 5 1790797943
1790798137.473205112 1c2acf93702b177d 5 1790797943
1790798137.735073654 1c2acf93702b177d 5 1790797943
1790798137.996296507 1c2acf93702b177d 5 1790797943
1790798138.257875302 1c2acf93702b177d 5 1790797943
1790798138.519022625 1c2acf93702b177d 5 1790797943
1790798138.781762515 1c2acf93702b177d 5 1790797943
1790798139.043483584 1c2acf93702b177d 5 1790797943
1790798139.305407599 1c2acf93702b177d 5 1790797943
1790798139.566764382 1c2acf93702b177d 5 1790797943
1790798139.828628135 1c2acf93702b177d 5 1790797943
1790798140.090009022 1c2acf93702b177d 5 1790797943
1790798140.350514915 1c2acf93702b177d 5 1790797943
1790798140.611544979 1c2acf93702b177d 5 1790797943
1790798140.874623759 1c2acf93702b177d 5 1790797943
1790798141.137051180 1c2acf93702b177d 5 1790797943
1790798141.399459966 1c2acf93702b177d 5 1790797943
1790798141.661889661 1c2acf93702b177d 5 1790797943
1790798141.922932932 1c2acf93702b177d 5 1790797943
1790798142.183684330 1c2acf93702b177d 5 1790797943
1790798142.444969961 1c2acf93702b177d 5 1790797943
1790798142.707420588 1c2acf93702b177d 5 1790797943
1790798142.969628621 1c2acf93702b177d 5 1790797943
1790798143.230625595 1c2acf93702b177d 5 1790797943
1790798143.491453255 1c2acf93702b177d 5 1790797943
1790798143.752856675 1c2acf93702b177d 5 1790797943
1790798144.014174245 1c2acf93702b177d 5 1790797943
1790798144.276097500 1c2acf93702b177d 5 1790797943
1790798144.537756745 1c2acf93702b177d 5 1790797943
1790798144.799997510 1c2acf93702b177d 5 1790797943
1790798145.062504539 1c2acf93702b177d 5 1790797943
1790798145.324828749 1c2acf93702b177d 5 1790797943
1790798145.586563144 1c2acf93702b177d 5 1790797943
1790798145.848015264 1c2acf93702b177d 5 1790797943
1790798146.109058005 1c2acf93702b177d 5 1790797943
1790798146.371577768 1c2acf93702b177d 5 1790797943
1790798146.632671893 1c2acf93702b177d 5 1790797943
1790798146.893451225 1c2acf93702b177d 5 1790797943
1790798147.155199706 1c2acf93702b177d 5 1790797943
1790798147.416066600 1c2acf93702b177d 5 1790797943
1790798147.677641158 1c2acf93702b177d 5 1790797943
1790798147.938753208 1c2acf93702b177d 5 1790797943
1790798148.200753857 1c2acf93702b177d 5 1790797943
1790798148.461477355 1c2acf93702b177d 5 1790797943
1790798148.723583040 1c2acf93702b177d 5 1790797943
1790798148.985690758 1c2acf93702b177d 5 1790797943
1790798149.248332479 1c2acf93702b177d 5 1790797943
1790798149.508379671 1c2acf93702b177d 5 1790797943
1790798149.769190802 1c2acf93702b177d 5 1790797943
1790798150.030362292 1c2acf93702b177d 5 1790797943
1790798150.290372045 1c2acf93702b177d 5 1790797943
1790798150.550168742 1c2acf93702b177d 5 1790797943
1790798150.810704893 1c2acf93702b177d 5 1790797943
1790798151.072930431 1c2acf93702b177d 5 1790797943
1790798151.333934290 1c2acf93702b177d 5 1790797943
1790798151.594650775 1c2acf93702b177d 5 1790797943
1790798151.854655800 1c2acf93702b177d 5 1790797943
1790798152.115440673 1c2acf93702b177d 5 1790797943
1790798152.377666531 1c2acf93702b177d 5 1790797943
1790798152.639627518 1c2acf93702b177d 5 1790797943
1790798152.901745076 1c2acf93702b177d 5 1790797943
1790798153.163497265 1c2acf93702b177d 5 1790797943
1790798153.424713148 1c2acf93702b177d 5 1790797943
1790798153.687026840 1c2acf93702b177d 5 1790797943
1790798153.947569443 1c2acf93702b177d 5 1790797943
1790798154.209225835 1c2acf93702b177d 5 1790797943
1790798154.470636480 1c2acf93702b177d 5 1790797943
1790798154.731557095 1c2acf93702b177d 5 1790797943
1790798154.992384617 1c2acf93702b177d 5 1790797943
1790798155.254021733 1c2acf93702b177d 5 1790797943
1790798155.515649732 1c2acf93702b177d 5 1790797943
1790798155.777134385 1c2acf93702b177d 5 1790797943
1790798156.039431527 1c2acf93702b177d 5 1790797943
1790798156.300890162 1c2acf93702b177d 5 1790797943
1790798156.562673890 1c2acf93702b177d 5 1790797943
1790798156.823161532 1c2acf93702b177d 5 1790797943
1790798157.083751363 1c2acf93702b177d 5 1790797943
1790798157.343710794 1c2acf93702b177d 5 1790797943
1790798157.605379959 1c2acf93702b177d 5 1790797943
1790798157.866827293 1c2acf93702b177d 5 1790797943
1790798158.127078276 1c2acf93702b177d 5 1790797943
1790798158.389615724 1c2acf93702b177d 5 1790797943
1790798158.650583077 1c2acf93702b177d 5 1790797943
1790798158.912148350 1c2acf93702b177d 5 1790797943
1790798159.171887312 1c2acf93702b177d 5 1790797943
1790798159.432934874 1c2acf93702b177d 5 1790797943
1790798159.693470625 1c2acf93702b177d 5 1790797943
1790798159.954433620 1c2acf93702b177d 5 1790797943
1790798160.214816728 1c2acf93702b177d 5 1790797943
1790798160.476356324 1c2acf93702b177d 5 1790797943
1790798160.737992980 1c2acf93702b177d 5 1790797943
1790798160.998079778 1c2acf93702b177d 5 1790797943
1790798161.257967937 1c2acf93702b177d 5 1790797943
1790798161.520244732 1c2acf93702b177d 5 1790797943
1790798161.782432823 1c2acf93702b177d 5 1790797943
1790798162.044665386 1c2acf93702b177d 5 1790797943
1790798162.305441404 1c2acf93702b177d 5 1790797943
1790798162.566021198 1c2acf93702b177d 5 1790797943
1790798162.826994762 1c2acf93702b177d 5 1790797943
1790798163.087795637 1c2acf93702b177d 5 1790797943
1790798163.348671281 1c2acf93702b177d 5 1790797943
1790798163.608150260 1c2acf93702b177d 5 1790797943
1790798163.869235262 1c2acf93702b177d 5 1790797943
1790798164.129802303 1c2acf93702b177d 5 1790797943
1790798164.390417192 1c2acf93702b177d 5 1790797943
1790798164.649793201 1c2acf93702b177d 5 1790797943
1790798164.910016683 1c2acf93702b177d 5 1790797943
1790798165.170107930 1c2acf93702b177d 5 1790797943
1790798165.432136055 1c2acf93702b177d 5 1790797943
1790798165.691821538 1c2acf93702b177d 5 1790797943
1790798165.951656960 1c2acf93702b177d 5 1790797943
1790798166.210806609 1c2acf93702b177d 5 1790797943
1790798166.470545101 1c2acf93702b177d 5 1790797943
1790798166.730713632 1c2acf93702b177d 5 1790797943
1790798166.990846617 1c2acf93702b177d 5 1790797943
1790798167.252241495 1c2acf93702b177d 5 1790797943
1790798167.514349969 1c2acf93702b177d 5 1790797943
1790798167.775381883 1c2acf93702b177d 5 1790797943
1790798168.036493446 1c2acf93702b177d 5 1790797943
1790798168.298168975 1c2acf93702b177d 5 1790797943
1790798168.559772902 1c2acf93702b177d 5 1790797943
1790798168.821457428 1c2acf93702b177d 5 1790797943
1790798169.084124349 1c2acf93702b177d 5 1790797943
1790798169.344890080 1c2acf93702b177d 5 1790797943
1790798169.606591768 1c2acf93702b177d 5 1790797943
1790798169.868510289 1c2acf93702b177d 5 1790797943
1790798170.129616192 1c2acf93702b177d 5 1790797943
1790798170.389986478 1c2acf93702b177d 5 1790797943
1790798170.651414258 1c2acf93702b177d 5 1790797943
1790798170.912774723 1c2acf93702b177d 5 1790797943
1790798171.173397168 1c2acf93702b177d 5 1790797943
1790798171.434219744 1c2acf93702b177d 5 1790797943
1790798171.695458043 1c2acf93702b177d 5 1790797943
1790798171.956503974 1c2acf93702b177d 5 1790797943
1790798172.217574821 1c2acf93702b177d 5 1790797943
1790798172.480712767 1c2acf93702b177d 5 1790797943
1790798172.741431351 1c2acf93702b177d 5 1790797943
1790798173.002143873 1c2acf93702b177d 5 1790797943
1790798173.265837251 1c2acf93702b177d 5 1790797943
1790798173.527905361 1c2acf93702b177d 5 1790797943
1790798173.788418343 1c2acf93702b177d 5 1790797943
1790798174.050850849 1c2acf93702b177d 5 1790797943
1790798174.312591321 1c2acf93702b177d 5 1790797943
1790798174.574121912 1c2acf93702b177d 5 1790797943
1790798174.835520859 1c2acf93702b177d 5 1790797943
1790798175.097270498 1c2acf93702b177d 5 1790797943
1790798175.358862684 1c2acf93702b177d 5 1790797943
1790798175.620364523 1c2acf93702b177d 5 1790797943
1790798175.883534980 1c2acf93702b177d 5 1790797943
1790798176.143800853 1c2acf93702b177d 5 1790797943
1790798176.404851073 1c2acf93702b177d 5 1790797943
1790798176.666673077 1c2acf93702b177d 5 1790797943
1790798176.927267510 1c2acf93702b177d 5 1790797943
1790798177.189633073 1c2acf93702b177d 5 1790797943
1790798177.449886774 1c2acf93702b177d 5 1790797943
1790798177.710216527 1c2acf93702b177d 5 1790797943
1790798177.971496583 1c2acf93702b177d 5 1790797943
1790798178.232622495 1c2acf93702b177d 5 1790797943
1790798178.493891431 1c2acf93702b177d 5 1790797943
1790798178.754326750 1c2acf93702b177d 5 1790797943
1790798179.016573272 1c2acf93702b177d 5 1790797943
1790798179.277632759 1c2acf93702b177d 5 1790797943
1790798179.539012271 1c2acf93702b177d 5 1790797943
1790798179.799978897 1c2acf93702b177d 5 1790797943
1790798180.059985860 1c2acf93702b177d 5 1790797943
1790798180.320827934 1c2acf93702b177d 5 1790797943
1790798180.582289268 1c2acf93702b177d 5 1790797943
1790798180.843226900 1c2acf93702b177d 5 1790797943
1790798181.104943118 1c2acf93702b177d 5 1790797943
1790798181.364602446 1c2acf93702b177d 5 1790797943
1790798181.624706389 1c2acf93702b177d 5 1790797943
1790798181.886667853 1c2acf93702b177d 5 1790797943
1790798182.148009054 1c2acf93702b177d 5 1790797943
1790798182.409327313 1c2acf93702b177d 5 1790797943
1790798182.671086381 1c2acf93702b177d 5 1790797943
1790798182.931651952 1c2acf93702b177d 5 1790797943
1790798183.193117344 1c2acf93702b177d 5 1790797943
1790798183.453173198 1c2acf93702b177d 5 1790797943
1790798183.714947705 1c2acf93702b177d 5 1790797943
1790798183.975164368 1c2acf93702b177d 5 1790797943
1790798184.236508916 1c2acf93702b177d 5 1790797943
1790798184.497943982 1c2acf93702b177d 5 1790797943
1790798184.760321339 1c2acf93702b177d 5 1790797943
1790798185.021512522 1c2acf93702b177d 5 1790797943
1790798185.284035729 1c2acf93702b177d 5 1790797943
1790798185.546001651 1c2acf93702b177d 5 1790797943
1790798185.806943962 1c2acf93702b177d 5 1790797943
1790798186.067478446 1c2acf93702b177d 5 1790797943
1790798186.328685529 1c2acf93702b177d 5 1790797943
1790798186.590088546 1c2acf93702b177d 5 1790797943
1790798186.851138628 1c2acf93702b177d 5 1790797943
1790798187.111846454 1c2acf93702b177d 5 1790797943
1790798187.372308925 1c2acf93702b177d 5 1790797943
1790798187.633406545 1c2acf93702b177d 5 1790797943
1790798187.895467764 1c2acf93702b177d 5 1790797943
1790798188.157473491 1c2acf93702b177d 5 1790797943
1790798188.418223996 1c2acf93702b177d 5 1790797943
1790798188.680520082 1c2acf93702b177d 5 1790797943
1790798188.941494444 1c2acf93702b177d 5 1790797943
1790798189.203712945 1c2acf93702b177d 5 1790797943
1790798189.465209086 1c2acf93702b177d 5 1790797943
1790798189.726099111 1c2acf93702b177d 5 1790797943
1790798189.987339597 1c2acf93702b177d 5 1790797943
1790798190.249158437 1c2acf93702b177d 5 1790797943
1790798190.510895244 1c2acf93702b177d 5 1790797943
1790798190.772539520 1c2acf93702b177d 5 1790797943
1790798191.033240103 1c2acf93702b177d 5 1790797943
1790798191.293748901 1c2acf93702b177d 5 1790797943
1790798191.555632150 1c2acf93702b177d 5 1790797943
1790798191.816884549 1c2acf93702b177d 5 1790797943
1790798192.078212207 1c2acf93702b177d 5 1790797943
1790798192.339511953 1c2acf93702b177d 5 1790797943
1790798192.601327177 1c2acf93702b177d 5 1790797943
1790798192.861854358 1c2acf93702b177d 5 1790797943
1790798193.122933145 1c2acf93702b177d 5 1790797943
1790798193.383526830 1c2acf93702b177d 5 1790797943
1790798193.644173974 1c2acf93702b177d 5 1790797943
1790798193.905845441 1c2acf93702b177d 5 1790797943
1790798194.166688520 1c2acf93702b177d 5 1790797943
1790798194.427224548 1c2acf93702b177d 5 1790797943
1790798194.688520628 1c2acf93702b177d 5 1790797943
1790798194.949807501 1c2acf93702b177d 5 1790797943
1790798195.210308915 1c2acf93702b177d 5 1790797943
1790798195.471653576 1c2acf93702b177d 5 1790797943
1790798195.732627958 1c2acf93702b177d 5 1790797943
1790798195.992620808 1c2acf93702b177d 5 1790797943
1790798196.253148263 1c2acf93702b177d 5 1790797943
1790798196.514997139 1c2acf93702b177d 5 1790797943
1790798196.775689208 1c2acf93702b177d 5 1790797943
1790798197.037131820 1c2acf93702b177d 5 1790797943
1790798197.298220846 1c2acf93702b177d 5 1790797943
1790798197.558919768 1c2acf93702b177d 5 1790797943
1790798197.819589104 1c2acf93702b177d 5 1790797943
1790798198.080566883 1c2acf93702b177d 5 1790797943
1790798198.342021378 1c2acf93702b177d 5 1790797943
1790798198.602646102 1c2acf93702b177d 5 1790797943
1790798198.863921554 1c2acf93702b177d 5 1790797943
1790798199.125575079 1c2acf93702b177d 5 1790797943
1790798199.386987606 1c2acf93702b177d 5 1790797943
1790798199.648261556 1c2acf93702b177d 5 1790797943
1790798199.909089647 1c2acf93702b177d 5 1790797943
1790798200.171026809 1c2acf93702b177d 5 1790797943
1790798200.431605918 1c2acf93702b177d 5 1790797943
1790798200.691857519 1c2acf93702b177d 5 1790797943
1790798200.953252474 1c2acf93702b177d 5 1790797943
1790798201.215296244 1c2acf93702b177d 5 1790797943
1790798201.476691168 1c2acf93702b177d 5 1790797943
1790798201.738176110 1c2acf93702b177d 5 1790797943
1790798201.999870100 1c2acf93702b177d 5 1790797943
1790798202.262426021 1c2acf93702b177d 5 1790797943
1790798202.523609784 1c2acf93702b177d 5 1790797943
1790798202.785475393 1c2acf93702b177d 5 1790797943
1790798203.047662559 1c2acf93702b177d 5 1790797943
1790798203.308750945 1c2acf93702b177d 5 1790797943
1790798203.570615472 1c2acf93702b177d 5 1790797943
1790798203.831732651 1c2acf93702b177d 5 1790797943
1790798204.091490757 1c2acf93702b177d 5 1790797943
1790798204.351135872 1c2acf93702b177d 5 1790797943
1790798204.610754128 1c2acf93702b177d 5 1790797943
1790798204.871543930 1c2acf93702b177d 5 1790797943
1790798205.132856642 1c2acf93702b177d 5 1790797943
1790798205.393317252 1c2acf93702b177d 5 1790797943
1790798205.653610392 1c2acf93702b177d 5 1790797943
1790798205.914846091 1c2acf93702b177d 5 1790797943
1790798206.174547322 1c2acf93702b177d 5 1790797943
1790798206.435456485 1c2acf93702b177d 5 1790797943
1790798206.696055152 1c2acf93702b177d 5 1790797943
1790798206.956826409 1c2acf93702b177d 5 1790797943
1790798207.216510668 1c2acf93702b177d 5 1790797943
1790798207.476942716 1c2acf93702b177d 5 1790797943
1790798207.738353982 1c2acf93702b177d 5 1790797943
1790798207.998731158 1c2acf93702b177d 5 1790797943
1790798208.260361050 1c2acf93702b177d 5 1790797943
1790798208.520222939 1c2acf93702b177d 5 1790797943
1790798208.780303283 1c2acf93702b177d 5 1790797943
1790798209.042564659 1c2acf93702b177d 5 1790797943
1790798209.303947642 1c2acf93702b177d 5 1790797943
1790798209.564999081 1c2acf93702b177d 5 1790797943
1790798209.825096076 1c2acf93702b177d 5 1790797943
1790798210.085405216 1c2acf93702b177d 5 1790797943
1790798210.347598204 1c2acf93702b177d 5 1790797943
1790798210.608392124 1c2acf93702b177d 5 1790797943
1790798210.869416262 1c2acf93702b177d 5 1790797943
1790798211.130135404 1c2acf93702b177d 5 1790797943
1790798211.391230373 1c2acf93702b177d 5 1790797943
1790798211.652546854 1c2acf93702b177d 5 1790797943
1790798211.913334553 1c2acf93702b177d 5 1790797943
1790798212.173673478 1c2acf93702b177d 5 1790797943
1790798212.434468070 1c2acf93702b177d 5 1790797943
1790798212.695159790 1c2acf93702b177d 5 1790797943
1790798212.955217514 1c2acf93702b177d 5 1790797943
1790798213.214886445 1c2acf93702b177d 5 1790797943
1790798213.475511442 1c2acf93702b177d 5 1790797943
1790798213.736364312 1c2acf93702b177d 5 1790797943
1790798213.998232879 1c2acf93702b177d 5 1790797943
1790798214.258643257 1c2acf93702b177d 5 1790797943
1790798214.519346780 1c2acf93702b177d 5 1790797943
1790798214.780496392 1c2acf93702b177d 5 1790797943
1790798215.041367035 1c2acf93702b177d 5 1790797943
1790798215.301980060 1c2acf93702b177d 5 1790797943
1790798215.563159307 1c2acf93702b177d 5 1790797943
1790798215.823335821 1c2acf93702b177d 5 1790797943
1790798216.085588411 1c2acf93702b177d 5 1790797943
1790798216.346615856 1c2acf93702b177d 5 1790797943
1790798216.607464779 1c2acf93702b177d 5 1790797943
1790798216.868096890 1c2acf93702b177d 5 1790797943
1790798217.129073059 1c2acf93702b177d 5 1790797943
1790798217.389951778 1c2acf93702b177d 5 1790797943
1790798217.650858088 1c2acf93702b177d 5 1790797943
1790798217.910850211 1c2acf93702b177d 5 1790797943
1790798218.171221928 1c2acf93702b177d 5 1790797943
1790798218.432684702 1c2acf93702b177d 5 1790797943
1790798218.693468224 1c2acf93702b177d 5 1790797943
1790798218.953857163 1c2acf93702b177d 5 1790797943
1790798219.214162908 1c2acf93702b177d 5 1790797943
1790798219.474921234 1c2acf93702b177d 5 1790797943
1790798219.736475287 1c2acf93702b177d 5 1790797943
1790798219.997246377 1c2acf93702b177d 5 1790797943
1790798220.257529780 1c2acf93702b177d 5 1790797943
1790798220.518373114 1c2acf93702b177d 5 1790797943
1790798220.778153103 1c2acf93702b177d 5 1790797943
1790798221.039029117 1c2acf93702b177d 5 1790797943
1790798221.300108209 1c2acf93702b177d 5 1790797943
1790798221.560344566 1c2acf93702b177d 5 1790797943
1790798221.820993228 1c2acf93702b177d 5 1790797943
1790798222.081353635 1c2acf93702b177d 5 1790797943
1790798222.344891102 1c2acf93702b177d 5 1790797943
1790798222.605445099 1c2acf93702b177d 5 1790797943
1790798222.865757186 1c2acf93702b177d 5 1790797943
1790798223.126295734 1c2acf93702b177d 5 1790797943
1790798223.387743000 1c2acf93702b177d 5 1790797943
1790798223.647871787 1c2acf93702b177d 5 1790797943
1790798223.908311181 1c2acf93702b177d 5 1790797943
1790798224.169858883 1c2acf93702b177d 5 1790797943
1790798224.430991825 1c2acf93702b177d 5 1790797943
1790798224.691369205 1c2acf93702b177d 5 1790797943
1790798224.951610100 1c2acf93702b177d 5 1790797943
1790798225.211811102 1c2acf93702b177d 5 1790797943
1790798225.472472518 1c2acf93702b177d 5 1790797943
1790798225.732906042 1c2acf93702b177d 5 1790797943
1790798225.992734050 1c2acf93702b177d 5 1790797943
1790798226.252632310 1c2acf93702b177d 5 1790797943
1790798226.513954704 1c2acf93702b177d 5 1790797943
1790798226.774371808 1c2acf93702b177d 5 1790797943
1790798227.035647274 1c2acf93702b177d 5 1790797943
1790798227.295947100 1c2acf93702b177d 5 1790797943
1790798227.557015693 1c2acf93702b177d 5 1790797943
1790798227.816887344 1c2acf93702b177d 5 1790797943
1790798228.077456078 1c2acf93702b177d 5 1790797943
1790798228.338911200 1c2acf93702b177d 5 1790797943
1790798228.599959134 1c2acf93702b177d 5 1790797943
1790798228.860830882 1c2acf93702b177d 5 1790797943
1790798229.121876814 1c2acf93702b177d 5 1790797943
1790798229.382515368 1c2acf93702b177d 5 1790797943
1790798229.642858374 1c2acf93702b177d 5 1790797943
1790798229.903030754 1c2acf93702b177d 5 1790797943
1790798230.164243705 1c2acf93702b177d 5 1790797943
1790798230.425051214 1c2acf93702b177d 5 1790797943
1790798230.686517967 1c2acf93702b177d 5 1790797943
1790798230.947937252 1c2acf93702b177d 5 1790797943
1790798231.209569512 1c2acf93702b177d 5 1790797943
1790798231.471264439 1c2acf93702b177d 5 1790797943
1790798231.732761719 1c2acf93702b177d 5 1790797943
1790798231.995303739 1c2acf93702b177d 5 1790797943
1790798232.256674324 1c2acf93702b177d 5 1790797943
1790798232.517892857 1c2acf93702b177d 5 1790797943
1790798232.779379296 1c2acf93702b177d 5 1790797943
1790798233.039700753 1c2acf93702b177d 5 1790797943
1790798233.301038407 1c2acf93702b177d 5 1790797943
1790798233.562502996 1c2acf93702b177d 5 1790797943
1790798233.823400984 1c2acf93702b177d 5 1790797943
1790798234.088130036 1c2acf93702b177d 5 1790797943
1790798234.349132988 1c2acf93702b177d 5 1790797943
1790798234.609384114 1c2acf93702b177d 5 1790797943
1790798234.871627049 1c2acf93702b177d 5 1790797943
1790798235.133141973 1c2acf93702b177d 5 1790797943
1790798235.394941485 1c2acf93702b177d 5 1790797943
1790798235.656523953 1c2acf93702b177d 5 1790797943
1790798235.918439681 1c2acf93702b177d 5 1790797943
1790798236.180095646 1c2acf93702b177d 5 1790797943
1790798236.441320200 1c2acf93702b177d 5 1790797943
1790798236.704103059 1c2acf93702b177d 5 1790797943
1790798236.965038646 1c2acf93702b177d 5 1790797943
1790798237.227117076 1c2acf93702b177d 5 1790797943
1790798237.489953133 1c2acf93702b177d 5 1790797943
1790798237.751925897 1c2acf93702b177d 5 1790797943
1790798238.014846552 1c2acf93702b177d 5 1790797943
1790798238.275945533 1c2acf93702b177d 5 1790797943
1790798238.538188499 1c2acf93702b177d 5 1790797943
1790798238.799574233 1c2acf93702b177d 5 1790797943
1790798239.061327860 1c2acf93702b177d 5 1790797943
1790798239.323761029 1c2acf93702b177d 5 1790797943
1790798239.584870560 1c2acf93702b177d 5 1790797943
1790798239.845916463 1c2acf93702b177d 5 1790797943
1790798240.107471662 1c2acf93702b177d 5 1790797943
1790798240.369287545 1c2acf93702b177d 5 1790797943
1790798240.629767076 1c2acf93702b177d 5 1790797943
1790798240.890993244 1c2acf93702b177d 5 1790797943
1790798241.152789922 1c2acf93702b177d 5 1790797943
1790798241.413127149 1c2acf93702b177d 5 1790797943
1790798241.673481688 1c2acf93702b177d 5 1790797943
1790798241.933316232 1c2acf93702b177d 5 1790797943
1790798242.193135367 1c2acf93702b177d 5 1790797943
1790798242.452700611 1c2acf93702b177d 5 1790797943
1790798242.712907106 1c2acf93702b177d 5 1790797943
1790798242.973614290 1c2acf93702b177d 5 1790797943
1790798243.233917875 1c2acf93702b177d 5 1790797943
1790798243.495090805 1c2acf93702b177d 5 1790797943
1790798243.756282890 1c2acf93702b177d 5 1790797943
1790798244.015806096 1c2acf93702b177d 5 1790797943
1790798244.275876618 1c2acf93702b177d 5 1790797943
1790798244.536292392 1c2acf93702b177d 5 1790797943
1790798244.796510508 1c2acf93702b177d 5 1790797943
1790798245.057883059 1c2acf93702b177d 5 1790797943
1790798245.319456563 1c2acf93702b177d 5 1790797943
1790798245.582057094 1c2acf93702b177d 5 1790797943
1790798245.843423994 1c2acf93702b177d 5 1790797943
1790798246.105384937 1c2acf93702b177d 5 1790797943
1790798246.366590918 1c2acf93702b177d 5 1790797943
1790798246.628293141 1c2acf93702b177d 5 1790797943
1790798246.891353967 1c2acf93702b177d 5 1790797943
1790798247.151645140 1c2acf93702b177d 5 1790797943
1790798247.413309833 1c2acf93702b177d 5 1790797943
1790798247.674965440 1c2acf93702b177d 5 1790797943
1790798247.937218446 1c2acf93702b177d 5 1790797943
1790798248.198959862 1c2acf93702b177d 5 1790797943
1790798248.458948072 1c2acf93702b177d 5 1790797943
1790798248.721357098 1c2acf93702b177d 5 1790797943
1790798248.984080327 1c2acf93702b177d 5 1790797943
1790798249.246308966 1c2acf93702b177d 5 1790797943
1790798249.508193538 1c2acf93702b177d 5 1790797943
1790798249.769120761 1c2acf93702b177d 5 1790797943
1790798250.030892474 1c2acf93702b177d 5 1790797943
1790798250.292380219 1c2acf93702b177d 5 1790797943
1790798250.554826965 1c2acf93702b177d 5 1790797943
1790798250.816340168 1c2acf93702b177d 5 1790797943
1790798251.077284594 1c2acf93702b177d 5 1790797943
1790798251.338619746 1c2acf93702b177d 5 1790797943
1790798251.600386720 1c2acf93702b177d 5 1790797943
1790798251.862373713 1c2acf93702b177d 5 1790797943
1790798252.123714485 1c2acf93702b177d 5 1790797943
1790798252.385893945 1c2acf93702b177d 5 1790797943
1790798252.647715561 1c2acf93702b177d 5 1790797943
1790798252.908299869 1c2acf93702b177d 5 1790797943
1790798253.169448164 1c2acf93702b177d 5 1790797943
1790798253.430859268 1c2acf93702b177d 5 1790797943
1790798253.691515800 1c2acf93702b177d 5 1790797943
1790798253.953676205 1c2acf93702b177d 5 1790797943
1790798254.215443229 1c2acf93702b177d 5 1790797943
1790798254.476207802 1c2acf93702b177d 5 1790797943
1790798254.737939211 1c2acf93702b177d 5 1790797943
1790798254.999477090 1c2acf93702b177d 5 1790797943
1790798255.262107618 1c2acf93702b177d 5 1790797943
1790798255.523799013 1c2acf93702b177d 5 1790797943
1790798255.785968545 1c2acf93702b177d 5 1790797943
1790798256.047760897 1c2acf93702b177d 5 1790797943
1790798256.308440031 1c2acf93702b177d 5 1790797943
1790798256.569912689 1c2acf93702b177d 5 1790797943
1790798256.830392213 1c2acf93702b177d 5 1790797943
1790798257.091520051 1c2acf93702b177d 5 1790797943
1790798257.353419923 1c2acf93702b177d 5 1790797943
1790798257.614612291 1c2acf93702b177d 5 1790797943
1790798257.876509548 1c2acf93702b177d 5 1790797943
1790798258.138533590 1c2acf93702b177d 5 1790797943
1790798258.400770267 1c2acf93702b177d 5 1790797943
1790798258.662268403 1c2acf93702b177d 5 1790797943
1790798258.922998924 1c2acf93702b177d 5 1790797943
1790798259.183771622 1c2acf93702b177d 5 1790797943
1790798259.445704185 1c2acf93702b177d 5 1790797943
1790798259.706195271 1c2acf93702b177d 5 1790797943
1790798259.966909261 1c2acf93702b177d 5 1790797943
1790798260.228729275 1c2acf93702b177d 5 1790797943
1790798260.490757124 1c2acf93702b177d 5 1790797943
1790798260.752648070 1c2acf93702b177d 5 1790797943
1790798261.014472072 1c2acf93702b177d 5 1790797943
1790798261.275952124 1c2acf93702b177d 5 1790797943
1790798261.538765593 1c2acf93702b177d 5 1790797943
1790798261.800303664 1c2acf93702b177d 5 1790797943
1790798262.061693419 1c2acf93702b177d 5 1790797943
1790798262.323190563 1c2acf93702b177d 5 1790797943
1790798262.584666619 1c2acf93702b177d 5 1790797943
1790798262.847147090 1c2acf93702b177d 5 1790797943
1790798263.108604381 1c2acf93702b177d 5 1790797943
1790798263.370330601 1c2acf93702b177d 5 1790797943
1790798263.631761803 1c2acf93702b177d 5 1790797943
1790798263.894689955 1c2acf93702b177d 5 1790797943
1790798264.155425957 1c2acf93702b177d 5 1790797943
1790798264.417053754 1c2acf93702b177d 5 1790797943
1790798264.677334370 1c2acf93702b177d 5 1790797943
1790798264.938222674 1c2acf93702b177d 5 1790797943
1790798265.200034644 1c2acf93702b177d 5 1790797943
1790798265.460650984 1c2acf93702b177d 5 1790797943
1790798265.722188443 1c2acf93702b177d 5 1790797943
1790798265.982378331 1c2acf93702b177d 5 1790797943
1790798266.244494987 1c2acf93702b177d 5 1790797943
1790798266.504613221 1c2acf93702b177d 5 1790797943
1790798266.767296970 1c2acf93702b177d 5 1790797943
1790798267.028618459 1c2acf93702b177d 5 1790797943
1790798267.290266124 1c2acf93702b177d 5 1790797943
1790798267.551811690 1c2acf93702b177d 5 1790797943
1790798267.813699430 1c2acf93702b177d 5 1790797943
1790798268.074989852 1c2acf93702b177d 5 1790797943
1790798268.336686258 1c2acf93702b177d 5 1790797943
1790798268.598694613 1c2acf93702b177d 5 1790797943
1790798268.859745930 1c2acf93702b177d 5 1790797943
1790798269.119880015 1c2acf93702b177d 5 1790797943
1790798269.379792337 1c2acf93702b177d 5 1790797943
1790798269.640459491 1c2acf93702b177d 5 1790797943
1790798269.901696735 1c2acf93702b177d 5 1790797943
1790798270.162369419 1c2acf93702b177d 5 1790797943
1790798270.423576867 1c2acf93702b177d 5 1790797943
1790798270.684979057 1c2acf93702b177d 5 1790797943
1790798270.946870244 1c2acf93702b177d 5 1790797943
1790798271.207404472 1c2acf93702b177d 5 1790797943
1790798271.468215434 1c2acf93702b177d 5 1790797943
1790798271.729009324 1c2acf93702b177d 5 1790797943
1790798271.988463186 1c2acf93702b177d 5 1790797943
1790798272.249442119 1c2acf93702b177d 5 1790797943
1790798272.509970566 1c2acf93702b177d 5 1790797943
1790798272.771120478 1c2acf93702b177d 5 1790797943
1790798273.030697398 1c2acf93702b177d 5 1790797943
1790798273.290585426 1c2acf93702b177d 5 1790797943
1790798273.552459523 1c2acf93702b177d 5 1790797943
1790798273.813521070 1c2acf93702b177d 5 1790797943
1790798274.077288503 1c2acf93702b177d 5 1790797943
1790798274.338078065 1c2acf93702b177d 5 1790797943
1790798274.600825944 1c2acf93702b177d 5 1790797943
1790798274.862887629 1c2acf93702b177d 5 1790797943
1790798275.129820530 1c2acf93702b177d 5 1790797943
1790798275.395731023 1c2acf93702b177d 5 1790797943
1790798275.659240747 1c2acf93702b177d 5 1790797943
1790798275.922483606 1c2acf93702b177d 5 1790797943
1790798276.185713891 1c2acf93702b177d 5 1790797943
1790798276.450198025 1c2acf93702b177d 5 1790797943
1790798276.714332760 1c2acf93702b177d 5 1790797943
1790798276.977078125 1c2acf93702b177d 5 1790797943
1790798277.241679036 1c2acf93702b177d 5 1790797943
1790798277.505998444 1c2acf93702b177d 5 1790797943
1790798277.769076447 1c2acf93702b177d 5 1790797943
1790798278.035694013 1c2acf93702b177d 5 1790797943
1790798278.299166178 1c2acf93702b177d 5 1790797943
1790798278.566575605 1c2acf93702b177d 5 1790797943
1790798278.832902461 1c2acf93702b177d 5 1790797943
1790798279.112890478 1c2acf93702b177d 5 1790797943
1790798279.377530111 1c2acf93702b177d 5 1790797943
1790798279.640663126 1c2acf93702b177d 5 1790797943
1790798279.905227420 1c2acf93702b177d 5 1790797943
1790798280.167170956 1c2acf93702b177d 5 1790797943
1790798280.429041557 1c2acf93702b177d 5 1790797943
1790798280.691418048 1c2acf93702b177d 5 1790797943
1790798280.954179653 1c2acf93702b177d 5 1790797943
1790798281.218677804 1c2acf93702b177d 5 1790797943
1790798281.480162268 1c2acf93702b177d 5 1790797943
1790798281.742569466 1c2acf93702b177d 5 1790797943
1790798282.006641184 1c2acf93702b177d 5 1790797943
1790798282.268633782 1c2acf93702b177d 5 1790797943
1790798282.530836470 1c2acf93702b177d 5 1790797943
1790798282.797723127 1c2acf93702b177d 5 1790797943
1790798283.067634531 1c2acf93702b177d 5 1790797943
1790798283.329059835 1c2acf93702b177d 5 1790797943
1790798283.590841391 1c2acf93702b177d 5 1790797943
1790798283.852415111 1c2acf93702b177d 5 1790797943
1790798284.117861253 1c2acf93702b177d 5 1790797943
1790798284.379865142 1c2acf93702b177d 5 1790797943
1790798284.648903946 1c2acf93702b177d 5 1790797943
1790798284.920527960 1c2acf93702b177d 5 1790797943
1790798285.184085375 1c2acf93702b177d 5 1790797943
1790798285.446971262 1c2acf93702b177d 5 1790797943
1790798285.712169524 1c2acf93702b177d 5 1790797943
1790798285.975145017 1c2acf93702b177d 5 1790797943
1790798286.238244612 1c2acf93702b177d 5 1790797943
1790798286.501454290 1c2acf93702b177d 5 1790797943
1790798286.762952921 1c2acf93702b177d 5 1790797943
1790798287.024722085 1c2acf93702b177d 5 1790797943
1790798287.287282909 1c2acf93702b177d 5 1790797943
1790798287.549227117 1c2acf93702b177d 5 1790797943
1790798287.812963464 1c2acf93702b177d 5 1790797943
1790798288.074790936 1c2acf93702b177d 5 1790797943
1790798288.335740348 1c2acf93702b177d 5 1790797943
1790798288.596636059 1c2acf93702b177d 5 1790797943
1790798288.857717897 1c2acf93702b177d 5 1790797943
1790798289.119931476 1c2acf93702b177d 5 1790797943
1790798289.381707653 1c2acf93702b177d 5 1790797943
1790798289.644312308 1c2acf93702b177d 5 1790797943
1790798289.907098301 1c2acf93702b177d 5 1790797943
1790798290.169334422 1c2acf93702b177d 5 1790797943
1790798290.430263165 1c2acf93702b177d 5 1790797943
1790798290.694369269 1c2acf93702b177d 5 1790797943
1790798290.956541963 1c2acf93702b177d 5 1790797943
1790798291.218640859 1c2acf93702b177d 5 1790797943
1790798291.481068196 1c2acf93702b177d 5 1790797943
1790798291.743118452 1c2acf93702b177d 5 1790797943
1790798292.004473437 1c2acf93702b177d 5 1790797943
1790798292.265863568 1c2acf93702b177d 5 1790797943
1790798292.527561169 1c2acf93702b177d 5 1790797943
1790798292.790618766 1c2acf93702b177d 5 1790797943
1790798293.052342326 1c2acf93702b177d 5 1790797943
1790798293.313233119 1c2acf93702b177d 5 1790797943
1790798293.574733725 1c2acf93702b177d 5 1790797943
1790798293.836965990 1c2acf93702b177d 5 1790797943
1790798294.100047522 1c2acf93702b177d 5 1790797943
1790798294.363355153 1c2acf93702b177d 5 1790797943
1790798294.626043334 1c2acf93702b177d 5 1790797943
1790798294.887161019 1c2acf93702b177d 5 1790797943
1790798295.148261643 1c2acf93702b177d 5 1790797943
1790798295.408781417 1c2acf93702b177d 5 1790797943
1790798295.669217617 1c2acf93702b177d 5 1790797943
1790798295.930037839 1c2acf93702b177d 5 1790797943
1790798296.192733164 1c2acf93702b177d 5 1790797943
1790798296.454176073 1c2acf93702b177d 5 1790797943
1790798296.715074832 1c2acf93702b177d 5 1790797943
1790798296.976545282 1c2acf93702b177d 5 1790797943
1790798297.238898231 1c2acf93702b177d 5 1790797943
1790798297.503417273 1c2acf93702b177d 5 1790797943
1790798297.764955299 1c2acf93702b177d 5 1790797943
1790798298.027609347 1c2acf93702b177d 5 1790797943
1790798298.289619340 1c2acf93702b177d 5 1790797943
1790798298.552084257 1c2acf93702b177d 5 1790797943
1790798298.812536857 1c2acf93702b177d 5 1790797943
1790798299.074975095 1c2acf93702b177d 5 1790797943
1790798299.337158710 1c2acf93702b177d 5 1790797943
1790798299.599859286 1c2acf93702b177d 5 1790797943
1790798299.861981026 1c2acf93702b177d 5 1790797943
1790798300.123482033 1c2acf93702b177d 5 1790797943
1790798300.385426174 1c2acf93702b177d 5 1790797943
1790798300.647036093 1c2acf93702b177d 5 1790797943
1790798300.907870283 1c2acf93702b177d 5 1790797943
1790798301.170035794 1c2acf93702b177d 5 1790797943
1790798301.431177715 1c2acf93702b177d 5 1790797943
1790798301.692960997 1c2acf93702b177d 5 1790797943
1790798301.955617291 1c2acf93702b177d 5 1790797943
1790798302.216984730 1c2acf93702b177d 5 1790797943
1790798302.479743493 1c2acf93702b177d 5 1790797943
1790798302.741185380 1c2acf93702b177d 5 1790797943
1790798303.002712557 1c2acf93702b177d 5 1790797943
1790798303.264829850 1c2acf93702b177d 5 1790797943
1790798303.528429575 1c2acf93702b177d 5 1790797943
1790798303.791202946 1c2acf93702b177d 5 1790797943
1790798304.052301607 1c2acf93702b177d 5 1790797943
1790798304.314409943 1c2acf93702b177d 5 1790797943
1790798304.576468928 1c2acf93702b177d 5 1790797943
1790798304.838415633 1c2acf93702b177d 5 1790797943
1790798305.099525415 1c2acf93702b177d 5 1790797943
1790798305.361690897 1c2acf93702b177d 5 1790797943
1790798305.622955927 1c2acf93702b177d 5 1790797943
1790798305.884680821 1c2acf93702b177d 5 1790797943
1790798306.146981164 1c2acf93702b177d 5 1790797943
1790798306.408691321 1c2acf93702b177d 5 1790797943
1790798306.668839487 1c2acf93702b177d 5 1790797943
1790798306.930259786 1c2acf93702b177d 5 1790797943
1790798307.191392039 1c2acf93702b177d 5 1790797943
1790798307.453829216 1c2acf93702b177d 5 1790797943
1790798307.714989592 1c2acf93702b177d 5 1790797943
1790798307.976091801 1c2acf93702b177d 5 1790797943
1790798308.236245868 1c2acf93702b177d 5 1790797943
1790798308.497942269 1c2acf93702b177d 5 1790797943
1790798308.758816113 1c2acf93702b177d 5 1790797943
1790798309.020056819 1c2acf93702b177d 5 1790797943
1790798309.281009669 1c2acf93702b177d 5 1790797943
1790798309.540114598 1c2acf93702b177d 5 1790797943
1790798309.799377711 1c2acf93702b177d 5 1790797943
1790798310.059136485 1c2acf93702b177d 5 1790797943
1790798310.318924813 1c2acf93702b177d 5 1790797943
1790798310.578018411 1c2acf93702b177d 5 1790797943
1790798310.838186214 1c2acf93702b177d 5 1790797943
1790798311.098534152 1c2acf93702b177d 5 1790797943
1790798311.357915154 1c2acf93702b177d 5 1790797943
1790798311.618134693 1c2acf93702b177d 5 1790797943
1790798311.879265255 1c2acf93702b177d 5 1790797943
1790798312.139009822 1c2acf93702b177d 5 1790797943
1790798312.398772423 1c2acf93702b177d 5 1790797943
1790798312.659924053 1c2acf93702b177d 5 1790797943
1790798312.920815330 1c2acf93702b177d 5 1790797943
1790798313.181037534 1c2acf93702b177d 5 1790797943
1790798313.442067399 1c2acf93702b177d 5 1790797943
1790798313.703550755 1c2acf93702b177d 5 1790797943
1790798313.964624011 1c2acf93702b177d 5 1790797943
1790798314.227478584 1c2acf93702b177d 5 1790797943
1790798314.488448036 1c2acf93702b177d 5 1790797943
1790798314.750044292 1c2acf93702b177d 5 1790797943
1790798315.011895803 1c2acf93702b177d 5 1790797943
1790798315.273495045 1c2acf93702b177d 5 1790797943
1790798315.534777078 1c2acf93702b177d 5 1790797943
1790798315.797268627 1c2acf93702b177d 5 1790797943
1790798316.059244870 1c2acf93702b177d 5 1790797943
1790798316.321287555 1c2acf93702b177d 5 1790797943
1790798316.582758981 1c2acf93702b177d 5 1790797943
1790798316.844054759 1c2acf93702b177d 5 1790797943
1790798317.104814543 1c2acf93702b177d 5 1790797943
1790798317.363944880 1c2acf93702b177d 5 1790797943
1790798317.623836180 1c2acf93702b177d 5 1790797943
1790798317.886620273 1c2acf93702b177d 5 1790797943
1790798318.148245053 1c2acf93702b177d 5 1790797943
1790798318.408233865 1c2acf93702b177d 5 1790797943
1790798318.669982595 1c2acf93702b177d 5 1790797943
1790798318.930867541 1c2acf93702b177d 5 1790797943
1790798319.192544488 1c2acf93702b177d 5 1790797943
1790798319.453582669 1c2acf93702b177d 5 1790797943
1790798319.715367005 1c2acf93702b177d 5 1790797943
1790798319.976652716 1c2acf93702b177d 5 1790797943
1790798320.238393892 1c2acf93702b177d 5 1790797943
1790798320.500723702 1c2acf93702b177d 5 1790797943
1790798320.762598045 1c2acf93702b177d 5 1790797943
1790798321.023997638 1c2acf93702b177d 5 1790797943
1790798321.286636000 1c2acf93702b177d 5 1790797943
1790798321.549673705 1c2acf93702b177d 5 1790797943
1790798321.812138495 1c2acf93702b177d 5 1790797943
1790798322.072911183 1c2acf93702b177d 5 1790797943
1790798322.334919316 1c2acf93702b177d 5 1790797943
1790798322.595969028 1c2acf93702b177d 5 1790797943
1790798322.856990408 1c2acf93702b177d 5 1790797943
1790798323.119539896 1c2acf93702b177d 5 1790797943
1790798323.380145794 1c2acf93702b177d 5 1790797943
1790798323.641737484 1c2acf93702b177d 5 1790797943
1790798323.903158676 1c2acf93702b177d 5 1790797943
1790798324.166173869 1c2acf93702b177d 5 1790797943
1790798324.428302686 1c2acf93702b177d 5 1790797943
1790798324.689377265 1c2acf93702b177d 5 1790797943
1790798324.951169607 1c2acf93702b177d 5 1790797943
1790798325.213237952 1c2acf93702b177d 5 1790797943
1790798325.474915300 1c2acf93702b177d 5 1790797943
1790798325.736841972 1c2acf93702b177d 5 1790797943
1790798325.998939701 1c2acf93702b177d 5 1790797943
1790798326.261209641 1c2acf93702b177d 5 1790797943
1790798326.522256869 1c2acf93702b177d 5 1790797943
1790798326.783589578 1c2acf93702b177d 5 1790797943
1790798327.045309465 1c2acf93702b177d 5 1790797943
1790798327.306500050 1c2acf93702b177d 5 1790797943
1790798327.568801528 1c2acf93702b177d 5 1790797943
1790798327.829908538 1c2acf93702b177d 5 1790797943
1790798328.090397590 1c2acf93702b177d 5 1790797943
1790798328.351159008 1c2acf93702b177d 5 1790797943
1790798328.612742763 1c2acf93702b177d 5 1790797943
1790798328.875739262 1c2acf93702b177d 5 1790797943
1790798329.138462974 1c2acf93702b177d 5 1790797943
1790798329.401120845 1c2acf93702b177d 5 1790797943
1790798329.662871109 1c2acf93702b177d 5 1790797943
1790798329.925015786 1c2acf93702b177d 5 1790797943
1790798330.186382448 1c2acf93702b177d 5 1790797943
1790798330.447020177 1c2acf93702b177d 5 1790797943
1790798330.708004339 1c2acf93702b177d 5 1790797943
1790798330.969183623 1c2acf93702b177d 5 1790797943
1790798331.229688235 1c2acf93702b177d 5 1790797943
1790798331.490569967 1c2acf93702b177d 5 1790797943
1790798331.751172760 1c2acf93702b177d 5 1790797943
1790798332.012344601 1c2acf93702b177d 5 1790797943
1790798332.274411524 1c2acf93702b177d 5 1790797943
1790798332.535759833 1c2acf93702b177d 5 1790797943
1790798332.798105614 1c2acf93702b177d 5 1790797943
1790798333.059649345 1c2acf93702b177d 5 1790797943
1790798333.322208302 1c2acf93702b177d 5 1790797943
1790798333.584142048 1c2acf93702b177d 5 1790797943
1790798333.845650494 1c2acf93702b177d 5 1790797943
1790798334.106300696 1c2acf93702b177d 5 1790797943
1790798334.369714531 1c2acf93702b177d 5 1790797943
1790798334.630601533 1c2acf93702b177d 5 1790797943
1790798334.892910656 1c2acf93702b177d 5 1790797943
1790798335.154628371 1c2acf93702b177d 5 1790797943
1790798335.417563667 1c2acf93702b177d 5 1790797943
1790798335.678658746 1c2acf93702b177d 5 1790797943
1790798335.940636814 1c2acf93702b177d 5 1790797943
1790798336.202316508 1c2acf93702b177d 5 1790797943
1790798336.463594557 1c2acf93702b177d 5 1790797943
1790798336.726958369 1c2acf93702b177d 5 1790797943
1790798336.989374942 1c2acf93702b177d 5 1790797943
1790798337.250413736 1c2acf93702b177d 5 1790797943
1790798337.512075979 1c2acf93702b177d 5 1790797943
1790798337.773101518 1c2acf93702b177d 5 1790797943
1790798338.033845365 1c2acf93702b177d 5 1790797943
1790798338.295551098 1c2acf93702b177d 5 1790797943
1790798338.556672015 1c2acf93702b177d 5 1790797943
1790798338.817835982 1c2acf93702b177d 5 1790797943
1790798339.079060501 1c2acf93702b177d 5 1790797943
1790798339.341087612 1c2acf93702b177d 5 1790797943
1790798339.602984620 1c2acf93702b177d 5 1790797943
1790798339.863496316 1c2acf93702b177d 5 1790797943
1790798340.123924677 1c2acf93702b177d 5 1790797943
1790798340.384888913 1c2acf93702b177d 5 1790797943
1790798340.645868287 1c2acf93702b177d 5 1790797943
1790798340.907508669 1c2acf93702b177d 5 1790797943
1790798341.170584277 1c2acf93702b177d 5 1790797943
1790798341.430738639 1c2acf93702b177d 5 1790797943
1790798341.693746641 1c2acf93702b177d 5 1790797943
1790798341.955576505 1c2acf93702b177d 5 1790797943
1790798342.216885231 1c2acf93702b177d 5 1790797943
1790798342.477460926 1c2acf93702b177d 5 1790797943
1790798342.739047218 1c2acf93702b177d 5 1790797943
1790798343.001340883 1c2acf93702b177d 5 1790797943
1790798343.264507521 1c2acf93702b177d 5 1790797943
1790798343.526352974 1c2acf93702b177d 5 1790797943
1790798343.787821667 1c2acf93702b177d 5 1790797943
1790798344.048690737 1c2acf93702b177d 5 1790797943
1790798344.310632970 1c2acf93702b177d 5 1790797943
1790798344.573844530 1c2acf93702b177d 5 1790797943
1790798344.835726251 1c2acf93702b177d 5 1790797943
1790798345.097172813 1c2acf93702b177d 5 1790797943
1790798345.359049535 1c2acf93702b177d 5 1790797943
1790798345.620046062 1c2acf93702b177d 5 1790797943
1790798345.882542024 1c2acf93702b177d 5 1790797943
1790798346.142859960 1c2acf93702b177d 5 1790797943
1790798346.403488414 1c2acf93702b177d 5 1790797943
1790798346.664588734 1c2acf93702b177d 5 1790797943
1790798346.926295139 1c2acf93702b177d 5 1790797943
1790798347.188788857 1c2acf93702b177d 5 1790797943
1790798347.448479769 1c2acf93702b177d 5 1790797943
1790798347.709339072 1c2acf93702b177d 5 1790797943
1790798347.969524693 1c2acf93702b177d 5 1790797943
1790798348.232355697 1c2acf93702b177d 5 1790797943
1790798348.493960985 1c2acf93702b177d 5 1790797943
1790798348.753865184 1c2acf93702b177d 5 1790797943
1790798349.013860541 1c2acf93702b177d 5 1790797943
1790798349.274676774 1c2acf93702b177d 5 1790797943
1790798349.535848226 1c2acf93702b177d 5 1790797943
1790798349.795954801 1c2acf93702b177d 5 1790797943
1790798350.055784071 1c2acf93702b177d 5 1790797943
1790798350.316161499 1c2acf93702b177d 5 1790797943
1790798350.576416930 1c2acf93702b177d 5 1790797943
1790798350.839120418 1c2acf93702b177d 5 1790797943
1790798351.100735113 1c2acf93702b177d 5 1790797943
1790798351.363602075 1c2acf93702b177d 5 1790797943
1790798351.624995951 1c2acf93702b177d 5 1790797943
1790798351.887118098 1c2acf93702b177d 5 1790797943
1790798352.148739477 1c2acf93702b177d 5 1790797943
1790798352.409442049 1c2acf93702b177d 5 1790797943
1790798352.670899553 1c2acf93702b177d 5 1790797943
1790798352.931937167 1c2acf93702b177d 5 1790797943
1790798353.192005721 1c2acf93702b177d 5 1790797943
1790798353.453480447 1c2acf93702b177d 5 1790797943
1790798353.714971614 1c2acf93702b177d 5 1790797943
1790798353.975161905 1c2acf93702b177d 5 1790797943
1790798354.236860467 1c2acf93702b177d 5 1790797943
1790798354.498021711 1c2acf93702b177d 5 1790797943
1790798354.760989640 1c2acf93702b177d 5 1790797943
1790798355.021440635 1c2acf93702b177d 5 1790797943
1790798355.282827217 1c2acf93702b177d 5 1790797943
1790798355.543866846 1c2acf93702b177d 5 1790797943
1790798355.804893720 1c2acf93702b177d 5 1790797943
1790798356.066340904 1c2acf93702b177d 5 1790797943
1790798356.327430736 1c2acf93702b177d 5 1790797943
1790798356.587722585 1c2acf93702b177d 5 1790797943
1790798356.848900600 1c2acf93702b177d 5 1790797943
1790798357.108173528 1c2acf93702b177d 5 1790797943
1790798357.368290262 1c2acf93702b177d 5 1790797943
1790798357.629323118 1c2acf93702b177d 5 1790797943
1790798357.891299907 1c2acf93702b177d 5 1790797943
1790798358.152005596 1c2acf93702b177d 5 1790797943
1790798358.412742843 1c2acf93702b177d 5 1790797943
1790798358.673160977 1c2acf93702b177d 5 1790797943
1790798358.934318354 1c2acf93702b177d 5 1790797943
1790798359.194863415 1c2acf93702b177d 5 1790797943
1790798359.455470200 1c2acf93702b177d 5 1790797943
1790798359.716317952 1c2acf93702b177d 5 1790797943
1790798359.977417512 1c2acf93702b177d 5 1790797943
1790798360.237957083 1c2acf93702b177d 5 1790797943
1790798360.498751827 1c2acf93702b177d 5 1790797943
1790798360.760180588 1c2acf93702b177d 5 1790797943
1790798361.021411282 1c2acf93702b177d 5 1790797943
1790798361.282720051 1c2acf93702b177d 5 1790797943
1790798361.542588295 1c2acf93702b177d 5 1790797943
1790798361.803952918 1c2acf93702b177d 5 1790797943
1790798362.065160799 1c2acf93702b177d 5 1790797943
1790798362.325706942 1c2acf93702b177d 5 1790797943
1790798362.587219158 1c2acf93702b177d 5 1790797943
1790798362.849213020 1c2acf93702b177d 5 1790797943
1790798363.110341274 1c2acf93702b177d 5 1790797943
1790798363.370069367 1c2acf93702b177d 5 1790797943
1790798363.631764514 1c2acf93702b177d 5 1790797943
1790798363.892541135 1c2acf93702b177d 5 1790797943
1790798364.153216037 1c2acf93702b177d 5 1790797943
1790798364.415949803 1c2acf93702b177d 5 1790797943
1790798364.677125495 1c2acf93702b177d 5 1790797943
1790798364.938203335 1c2acf93702b177d 5 1790797943
1790798365.199715993 1c2acf93702b177d 5 1790797943
1790798365.460485301 1c2acf93702b177d 5 1790797943
1790798365.721877185 1c2acf93702b177d 5 1790797943
1790798365.983165596 1c2acf93702b177d 5 1790797943
1790798366.244146346 1c2acf93702b177d 5 1790797943
1790798366.504728046 1c2acf93702b177d 5 1790797943
1790798366.765474821 1c2acf93702b177d 5 1790797943
1790798367.026109800 1c2acf93702b177d 5 1790797943
1790798367.287067778 1c2acf93702b177d 5 1790797943
1790798367.548216460 1c2acf93702b177d 5 1790797943
1790798367.808952026 1c2acf93702b177d 5 1790797943
1790798368.070575970 1c2acf93702b177d 5 1790797943
1790798368.331845197 1c2acf93702b177d 5 1790797943
1790798368.591507950 1c2acf93702b177d 5 1790797943
1790798368.851954218 1c2acf93702b177d 5 1790797943
1790798369.112385698 1c2acf93702b177d 5 1790797943
1790798369.374290335 1c2acf93702b177d 5 1790797943
1790798369.635423068 1c2acf93702b177d 5 1790797943
1790798369.896884942 1c2acf93702b177d 5 1790797943
1790798370.157274034 1c2acf93702b177d 5 1790797943
1790798370.418506262 1c2acf93702b177d 5 1790797943
1790798370.679001892 1c2acf93702b177d 5 1790797943
1790798370.939535843 1c2acf93702b177d 5 1790797943
1790798371.201873504 1c2acf93702b177d 5 1790797943
1790798371.463386073 1c2acf93702b177d 5 1790797943
1790798371.724558369 1c2acf93702b177d 5 1790797943
1790798371.986221548 1c2acf93702b177d 5 1790797943
1790798372.247736481 1c2acf93702b177d 5 1790797943
1790798372.510600490 1c2acf93702b177d 5 1790797943
1790798372.771933836 1c2acf93702b177d 5 1790797943
1790798373.034946240 1c2acf93702b177d 5 1790797943
1790798373.297463865 1c2acf93702b177d 5 1790797943
1790798373.559621482 1c2acf93702b177d 5 1790797943
1790798373.820795122 1c2acf93702b177d 5 1790797943
1790798374.083705947 1c2acf93702b177d 5 1790797943
1790798374.345389243 1c2acf93702b177d 5 1790797943
1790798374.608003478 1c2acf93702b177d 5 1790797943
1790798374.870940222 1c2acf93702b177d 5 1790797943
1790798375.130751171 1c2acf93702b177d 5 1790797943
1790798375.392812680 1c2acf93702b177d 5 1790797943
1790798375.657896912 1c2acf93702b177d 5 1790797943
1790798375.919967157 1c2acf93702b177d 5 1790797943
1790798376.181231495 1c2acf93702b177d 5 1790797943
1790798376.441667856 1c2acf93702b177d 5 1790797943
1790798376.703739313 1c2acf93702b177d 5 1790797943
1790798376.966170619 1c2acf93702b177d 5 1790797943
1790798377.230048731 1c2acf93702b177d 5 1790797943
1790798377.492682924 1c2acf93702b177d 5 1790797943
1790798377.754142434 1c2acf93702b177d 5 1790797943
1790798378.017353538 1c2acf93702b177d 5 1790797943
1790798378.279268996 1c2acf93702b177d 5 1790797943
1790798378.542143585 1c2acf93702b177d 5 1790797943
1790798378.804511974 1c2acf93702b177d 5 1790797943
1790798379.065653144 1c2acf93702b177d 5 1790797943
1790798379.327126150 1c2acf93702b177d 5 1790797943
1790798379.587673998 1c2acf93702b177d 5 1790797943
1790798379.850782943 1c2acf93702b177d 5 1790797943
1790798380.114644515 1c2acf93702b177d 5 1790797943
1790798380.375929762 1c2acf93702b177d 5 1790797943
1790798380.636207198 1c2acf93702b177d 5 1790797943
1790798380.898295477 1c2acf93702b177d 5 1790797943
1790798381.159935524 1c2acf93702b177d 5 1790797943
1790798381.425634659 1c2acf93702b177d 5 1790797943
1790798381.686741165 1c2acf93702b177d 5 1790797943
1790798381.948687220 1c2acf93702b177d 5 1790797943
1790798382.209378945 1c2acf93702b177d 5 1790797943
1790798382.471980087 1c2acf93702b177d 5 1790797943
1790798382.732908803 1c2acf93702b177d 5 1790797943
1790798382.994128318 1c2acf93702b177d 5 1790797943
1790798383.255723863 1c2acf93702b177d 5 1790797943
1790798383.517346888 1c2acf93702b177d 5 1790797943
1790798383.778563649 1c2acf93702b177d 5 1790797943
1790798384.040341121 1c2acf93702b177d 5 1790797943
1790798384.303170316 1c2acf93702b177d 5 1790797943
1790798384.563809325 1c2acf93702b177d 5 1790797943
1790798384.823894714 1c2acf93702b177d 5 1790797943
1790798385.083107784 1c2acf93702b177d 5 1790797943
1790798385.343146317 1c2acf93702b177d 5 1790797943
1790798385.602476174 1c2acf93702b177d 5 1790797943
1790798385.861952723 1c2acf93702b177d 5 1790797943
1790798386.121690217 1c2acf93702b177d 5 1790797943
1790798386.380816696 1c2acf93702b177d 5 1790797943
1790798386.640360890 1c2acf93702b177d 5 1790797943
1790798386.900078127 1c2acf93702b177d 5 1790797943
1790798387.159878858 1c2acf93702b177d 5 1790797943
1790798387.419896603 1c2acf93702b177d 5 1790797943
1790798387.680060910 1c2acf93702b177d 5 1790797943
1790798387.941914734 1c2acf93702b177d 5 1790797943
1790798388.203106820 1c2acf93702b177d 5 1790797943
1790798388.464908948 1c2acf93702b177d 5 1790797943
1790798388.725372591 1c2acf93702b177d 5 1790797943
1790798388.986165806 1c2acf93702b177d 5 1790797943
1790798389.248385290 1c2acf93702b177d 5 1790797943
1790798389.511395812 1c2acf93702b177d 5 1790797943
1790798389.776180240 1c2acf93702b177d 5 1790797943
1790798390.037407170 1c2acf93702b177d 5 1790797943
1790798390.299310667 1c2acf93702b177d 5 1790797943
1790798390.561044950 1c2acf93702b177d 5 1790797943
1790798390.825414888 1c2acf93702b177d 5 1790797943
1790798391.086539628 1c2acf93702b177d 5 1790797943
1790798391.347286307 1c2acf93702b177d 5 1790797943
1790798391.608324437 1c2acf93702b177d 5 1790797943
1790798391.870595397 1c2acf93702b177d 5 1790797943
1790798392.132258317 1c2acf93702b177d 5 1790797943
1790798392.393597236 1c2acf93702b177d 5 1790797943
1790798392.656484550 1c2acf93702b177d 5 1790797943
1790798392.919550326 1c2acf93702b177d 5 1790797943
1790798393.181464253 1c2acf93702b177d 5 1790797943
1790798393.443659432 1c2acf93702b177d 5 1790797943
1790798393.705329215 1c2acf93702b177d 5 1790797943
1790798393.966734818 1c2acf93702b177d 5 1790797943
1790798394.228894351 1c2acf93702b177d 5 1790797943
1790798394.499650339 1c2acf93702b177d 5 1790797943
1790798394.761570728 1c2acf93702b177d 5 1790797943
1790798395.024435421 1c2acf93702b177d 5 1790797943
1790798395.285426574 1c2acf93702b177d 5 1790797943
1790798395.547105134 1c2acf93702b177d 5 1790797943
1790798395.808438883 1c2acf93702b177d 5 1790797943
1790798396.069747967 1c2acf93702b177d 5 1790797943
1790798396.332353919 1c2acf93702b177d 5 1790797943
1790798396.595192544 1c2acf93702b177d 5 1790797943
1790798396.856514902 1c2acf93702b177d 5 1790797943
1790798397.119128459 1c2acf93702b177d 5 1790797943
1790798397.381658580 1c2acf93702b177d 5 1790797943
1790798397.642573402 1c2acf93702b177d 5 1790797943
1790798397.904172274 1c2acf93702b177d 5 1790797943
1790798398.165725191 1c2acf93702b177d 5 1790797943
1790798398.431809354 1c2acf93702b177d 5 1790797943
1790798398.692388752 1c2acf93702b177d 5 1790797943
1790798398.953936209 1c2acf93702b177d 5 1790797943
1790798399.215600733 1c2acf93702b177d 5 1790797943
1790798399.477483793 1c2acf93702b177d 5 1790797943
1790798399.738763223 1c2acf93702b177d 5 1790797943
1790798400.000645992 1c2acf93702b177d 5 1790797943
1790798400.262483698 1c2acf93702b177d 5 1790797943
1790798400.523708496 1c2acf93702b177d 5 1790797943
1790798400.789148482 1c2acf93702b177d 5 1790797943
1790798401.054379961 1c2acf93702b177d 5 1790797943
1790798401.315896881 1c2acf93702b177d 5 1790797943
1790798401.577096633 1c2acf93702b177d 5 1790797943
1790798401.838925934 1c2acf93702b177d 5 1790797943
1790798402.101721890 1c2acf93702b177d 5 1790797943
1790798402.364065215 1c2acf93702b177d 5 1790797943
1790798402.625955108 1c2acf93702b177d 5 1790797943
1790798402.887845602 1c2acf93702b177d 5 1790797943
1790798403.148587874 1c2acf93702b177d 5 1790797943
1790798403.410142695 1c2acf93702b177d 5 1790797943
1790798403.672528690 1c2acf93702b177d 5 1790797943
1790798403.934168008 1c2acf93702b177d 5 1790797943
1790798404.196468464 1c2acf93702b177d 5 1790797943
1790798404.457498591 1c2acf93702b177d 5 1790797943
1790798404.719069882 1c2acf93702b177d 5 1790797943
1790798404.980677822 1c2acf93702b177d 5 1790797943
1790798405.242241159 1c2acf93702b177d 5 1790797943
1790798405.504220860 1c2acf93702b177d 5 1790797943
1790798405.765307171 1c2acf93702b177d 5 1790797943
1790798406.026463522 1c2acf93702b177d 5 1790797943
1790798406.288235477 1c2acf93702b177d 5 1790797943
1790798406.551548984 1c2acf93702b177d 5 1790797943
1790798406.814677548 1c2acf93702b177d 5 1790797943
1790798407.075266146 1c2acf93702b177d 5 1790797943
1790798407.336810267 1c2acf93702b177d 5 1790797943
1790798407.598127207 1c2acf93702b177d 5 1790797943
1790798407.859355672 1c2acf93702b177d 5 1790797943
1790798408.119965850 1c2acf93702b177d 5 1790797943
1790798408.380761161 1c2acf93702b177d 5 1790797943
1790798408.641404790 1c2acf93702b177d 5 1790797943
1790798408.902189191 1c2acf93702b177d 5 1790797943
1790798409.163776753 1c2acf93702b177d 5 1790797943
1790798409.425530845 1c2acf93702b177d 5 1790797943
1790798409.687068052 1c2acf93702b177d 5 1790797943
1790798409.948761301 1c2acf93702b177d 5 1790797943
1790798410.210684096 1c2acf93702b177d 5 1790797943
1790798410.472237837 1c2acf93702b177d 5 1790797943
1790798410.734240731 1c2acf93702b177d 5 1790797943
1790798410.998161396 1c2acf93702b177d 5 1790797943
1790798411.260394197 1c2acf93702b177d 5 1790797943
1790798411.522275295 1c2acf93702b177d 5 1790797943
1790798411.783543004 1c2acf93702b177d 5 1790797943
1790798412.044747816 1c2acf93702b177d 5 1790797943
1790798412.307687299 1c2acf93702b177d 5 1790797943
1790798412.568843261 1c2acf93702b177d 5 1790797943
1790798412.830148239 1c2acf93702b177d 5 1790797943
1790798413.091452656 1c2acf93702b177d 5 1790797943
1790798413.352716298 1c2acf93702b177d 5 1790797943
1790798413.613722170 1c2acf93702b177d 5 1790797943
1790798413.874252209 1c2acf93702b177d 5 1790797943
1790798414.135889204 1c2acf93702b177d 5 1790797943
1790798414.396600079 1c2acf93702b177d 5 1790797943
1790798414.657896853 1c2acf93702b177d 5 1790797943
1790798414.920157756 1c2acf93702b177d 5 1790797943
1790798415.182261267 1c2acf93702b177d 5 1790797943
1790798415.443652446 1c2acf93702b177d 5 1790797943
1790798415.705415666 1c2acf93702b177d 5 1790797943
1790798415.967036390 1c2acf93702b177d 5 1790797943
1790798416.228823154 1c2acf93702b177d 5 1790797943
1790798416.490743956 1c2acf93702b177d 5 1790797943
1790798416.752082647 1c2acf93702b177d 5 1790797943
1790798417.012952037 1c2acf93702b177d 5 1790797943
1790798417.274152180 1c2acf93702b177d 5 1790797943
1790798417.536353744 1c2acf93702b177d 5 1790797943
1790798417.801408687 1c2acf93702b177d 5 1790797943
1790798418.063528820 1c2acf93702b177d 5 1790797943
1790798418.324061745 1c2acf93702b177d 5 1790797943
1790798418.586786200 1c2acf93702b177d 5 1790797943
1790798418.848884332 1c2acf93702b177d 5 1790797943
1790798419.109990882 1c2acf93702b177d 5 1790797943
1790798419.372698867 1c2acf93702b177d 5 1790797943
1790798419.634904188 1c2acf93702b177d 5 1790797943
1790798419.896266623 1c2acf93702b177d 5 1790797943
1790798420.157733323 1c2acf93702b177d 5 1790797943
1790798420.418693692 1c2acf93702b177d 5 1790797943
1790798420.679310994 1c2acf93702b177d 5 1790797943
1790798420.941342051 1c2acf93702b177d 5 1790797943
1790798421.203138142 1c2acf93702b177d 5 1790797943
1790798421.464541774 1c2acf93702b177d 5 1790797943
1790798421.725300510 1c2acf93702b177d 5 1790797943
1790798421.986820658 1c2acf93702b177d 5 1790797943
1790798422.247409638 1c2acf93702b177d 5 1790797943
1790798422.507002988 1c2acf93702b177d 5 1790797943
1790798422.767859775 1c2acf93702b177d 5 1790797943
1790798423.028390897 1c2acf93702b177d 5 1790797943
1790798423.290866891 1c2acf93702b177d 5 1790797943
1790798423.553257607 1c2acf93702b177d 5 1790797943
1790798423.814534945 1c2acf93702b177d 5 1790797943
1790798424.075732234 1c2acf93702b177d 5 1790797943
1790798424.337123915 1c2acf93702b177d 5 1790797943
1790798424.598481001 1c2acf93702b177d 5 1790797943
1790798424.860130581 1c2acf93702b177d 5 1790797943
1790798425.121212236 1c2acf93702b177d 5 1790797943
1790798425.383185356 1c2acf93702b177d 5 1790797943
1790798425.646384493 1c2acf93702b177d 5 1790797943
1790798425.907855121 1c2acf93702b177d 5 1790797943
1790798426.168567931 1c2acf93702b177d 5 1790797943
1790798426.430271781 1c2acf93702b177d 5 1790797943
1790798426.691412255 1c2acf93702b177d 5 1790797943
1790798426.952507285 1c2acf93702b177d 5 1790797943
1790798427.213730543 1c2acf93702b177d 5 1790797943
1790798427.474884412 1c2acf93702b177d 5 1790797943
1790798427.736286903 1c2acf93702b177d 5 1790797943
1790798427.997948536 1c2acf93702b177d 5 1790797943
1790798428.259905707 1c2acf93702b177d 5 1790797943
1790798428.521105421 1c2acf93702b177d 5 1790797943
1790798428.783001779 1c2acf93702b177d 5 1790797943
1790798429.044997632 1c2acf93702b177d 5 1790797943
1790798429.306937131 1c2acf93702b177d 5 1790797943
1790798429.568191296 1c2acf93702b177d 5 1790797943
1790798429.829892002 1c2acf93702b177d 5 1790797943
1790798430.091613105 1c2acf93702b177d 5 1790797943
1790798430.353220266 1c2acf93702b177d 5 1790797943
1790798430.613786915 1c2acf93702b177d 5 1790797943
1790798430.875150684 1c2acf93702b177d 5 1790797943
1790798431.136777883 1c2acf93702b177d 5 1790797943
1790798431.397432976 1c2acf93702b177d 5 1790797943
1790798431.658745851 1c2acf93702b177d 5 1790797943
1790798431.920174121 1c2acf93702b177d 5 1790797943
1790798432.181786992 1c2acf93702b177d 5 1790797943
1790798432.443986604 1c2acf93702b177d 5 1790797943
1790798432.705452083 1c2acf93702b177d 5 1790797943
1790798432.965546776 1c2acf93702b177d 5 1790797943
1790798433.226685527 1c2acf93702b177d 5 1790797943
1790798433.488483293 1c2acf93702b177d 5 1790797943
1790798433.750225386 1c2acf93702b177d 5 1790797943
1790798434.011803032 1c2acf93702b177d 5 1790797943
1790798434.273671179 1c2acf93702b177d 5 1790797943
1790798434.534835648 1c2acf93702b177d 5 1790797943
1790798434.796288674 1c2acf93702b177d 5 1790797943
1790798435.058696263 1c2acf93702b177d 5 1790797943
1790798435.320916152 1c2acf93702b177d 5 1790797943
1790798435.582297635 1c2acf93702b177d 5 1790797943
1790798435.844230502 1c2acf93702b177d 5 1790797943
1790798436.105533069 1c2acf93702b177d 5 1790797943
1790798436.366715181 1c2acf93702b177d 5 1790797943
1790798436.627543426 1c2acf93702b177d 5 1790797943
1790798436.889746916 1c2acf93702b177d 5 1790797943
1790798437.150593716 1c2acf93702b177d 5 1790797943
1790798437.411608628 1c2acf93702b177d 5 1790797943
1790798437.673038040 1c2acf93702b177d 5 1790797943
1790798437.933313028 1c2acf93702b177d 5 1790797943
1790798438.194755234 1c2acf93702b177d 5 1790797943
1790798438.456318976 1c2acf93702b177d 5 1790797943
1790798438.717276842 1c2acf93702b177d 5 1790797943
1790798438.979805215 1c2acf93702b177d 5 1790797943
1790798439.241322291 1c2acf93702b177d 5 1790797943
1790798439.502689507 1c2acf93702b177d 5 1790797943
1790798439.765393326 1c2acf93702b177d 5 1790797943
1790798440.026455046 1c2acf93702b177d 5 1790797943
1790798440.289260003 1c2acf93702b177d 5 1790797943
1790798440.550557180 1c2acf93702b177d 5 1790797943
1790798440.812050631 1c2acf93702b177d 5 1790797943
1790798441.072826890 1c2acf93702b177d 5 1790797943
1790798441.333980921 1c2acf93702b177d 5 1790797943
1790798441.596647231 1c2acf93702b177d 5 1790797943
1790798441.857084090 1c2acf93702b177d 5 1790797943
1790798442.118028732 1c2acf93702b177d 5 1790797943
1790798442.379599968 1c2acf93702b177d 5 1790797943
1790798442.640740264 1c2acf93702b177d 5 1790797943
1790798442.901934911 1c2acf93702b177d 5 1790797943
1790798443.164387924 1c2acf93702b177d 5 1790797943
1790798443.426893165 1c2acf93702b177d 5 1790797943
1790798443.687879264 1c2acf93702b177d 5 1790797943
1790798443.947737158 1c2acf93702b177d 5 1790797943
1790798444.209981004 1c2acf93702b177d 5 1790797943
1790798444.472343319 1c2acf93702b177d 5 1790797943
1790798444.734874599 1c2acf93702b177d 5 1790797943
1790798444.997312063 1c2acf93702b177d 5 1790797943
1790798445.260153088 1c2acf93702b177d 5 1790797943
1790798445.522686702 1c2acf93702b177d 5 1790797943
1790798445.785404558 1c2acf93702b177d 5 1790797943
1790798446.047103230 1c2acf93702b177d 5 1790797943
1790798446.308809578 1c2acf93702b177d 5 1790797943
1790798446.570305454 1c2acf93702b177d 5 1790797943
1790798446.832955785 1c2acf93702b177d 5 1790797943
1790798447.094436142 1c2acf93702b177d 5 1790797943
1790798447.355222772 1c2acf93702b177d 5 1790797943
1790798447.615443721 1c2acf93702b177d 5 1790797943
1790798447.878975639 1c2acf93702b177d 5 1790797943
1790798448.140859155 1c2acf93702b177d 5 1790797943
1790798448.401954899 1c2acf93702b177d 5 1790797943
1790798448.663727269 1c2acf93702b177d 5 1790797943
1790798448.925765743 1c2acf93702b177d 5 1790797943
1790798449.187615257 1c2acf93702b177d 5 1790797943
1790798449.448985360 1c2acf93702b177d 5 1790797943
1790798449.710456692 1c2acf93702b177d 5 1790797943
1790798449.971701292 1c2acf93702b177d 5 1790797943
1790798450.233521581 1c2acf93702b177d 5 1790797943
1790798450.496783338 1c2acf93702b177d 5 1790797943
1790798450.758457265 1c2acf93702b177d 5 1790797943
1790798451.019955576 1c2acf93702b177d 5 1790797943
1790798451.282656912 1c2acf93702b177d 5 1790797943
1790798451.545453124 1c2acf93702b177d 5 1790797943
1790798451.807676863 1c2acf93702b177d 5 1790797943
1790798452.069686194 1c2acf93702b177d 5 1790797943
1790798452.330669850 1c2acf93702b177d 5 1790797943
1790798452.592140309 1c2acf93702b177d 5 1790797943
1790798452.853655613 1c2acf93702b177d 5 1790797943
1790798453.113575343 1c2acf93702b177d 5 1790797943
1790798453.376323876 1c2acf93702b177d 5 1790797943
1790798453.639505163 1c2acf93702b177d 5 1790797943
1790798453.901735405 1c2acf93702b177d 5 1790797943
1790798454.163018637 1c2acf93702b177d 5 1790797943
1790798454.423222716 1c2acf93702b177d 5 1790797943
1790798454.684466805 1c2acf93702b177d 5 1790797943
1790798454.946246159 1c2acf93702b177d 5 1790797943
1790798455.207117957 1c2acf93702b177d 5 1790797943
1790798455.469450178 1c2acf93702b177d 5 1790797943
1790798455.730657169 1c2acf93702b177d 5 1790797943
1790798455.990464561 1c2acf93702b177d 5 1790797943
1790798456.252335795 1c2acf93702b177d 5 1790797943
1790798456.514061580 1c2acf93702b177d 5 1790797943
1790798456.777308479 1c2acf93702b177d 5 1790797943
1790798457.038173045 1c2acf93702b177d 5 1790797943
1790798457.299205151 1c2acf93702b177d 5 1790797943
1790798457.559812288 1c2acf93702b177d 5 1790797943
1790798457.820671994 1c2acf93702b177d 5 1790797943
1790798458.081865600 1c2acf93702b177d 5 1790797943
1790798458.343309772 1c2acf93702b177d 5 1790797943
1790798458.605745185 1c2acf93702b177d 5 1790797943
1790798458.867315250 1c2acf93702b177d 5 1790797943
1790798459.127921185 1c2acf93702b177d 5 1790797943
1790798459.388916804 1c2acf93702b177d 5 1790797943
1790798459.648984690 1c2acf93702b177d 5 1790797943
1790798459.909293734 1c2acf93702b177d 5 1790797943
1790798460.169876796 1c2acf93702b177d 5 1790797943
1790798460.429349216 1c2acf93702b177d 5 1790797943
1790798460.692025857 1c2acf93702b177d 5 1790797943
1790798460.952406494 1c2acf93702b177d 5 1790797943
1790798461.212327337 1c2acf93702b177d 5 1790797943
1790798461.472308833 1c2acf93702b177d 5 1790797943
1790798461.733091927 1c2acf93702b177d 5 1790797943
1790798461.995043140 1c2acf93702b177d 5 1790797943
1790798462.256975859 1c2acf93702b177d 5 1790797943
1790798462.518617759 1c2acf93702b177d 5 1790797943
1790798462.780467424 1c2acf93702b177d 5 1790797943
1790798463.041755727 1c2acf93702b177d 5 1790797943
1790798463.303362311 1c2acf93702b177d 5 1790797943
1790798463.564608595 1c2acf93702b177d 5 1790797943
1790798463.826244935 1c2acf93702b177d 5 1790797943
1790798464.087142582 1c2acf93702b177d 5 1790797943
1790798464.349732583 1c2acf93702b177d 5 1790797943
1790798464.611553054 1c2acf93702b177d 5 1790797943
1790798464.874166518 1c2acf93702b177d 5 1790797943
1790798465.136276376 1c2acf93702b177d 5 1790797943
1790798465.398310505 1c2acf93702b177d 5 1790797943
1790798465.660003519 1c2acf93702b177d 5 1790797943
1790798465.921767085 1c2acf93702b177d 5 1790797943
1790798466.182951555 1c2acf93702b177d 5 1790797943
1790798466.445003226 1c2acf93702b177d 5 1790797943
1790798466.706205429 1c2acf93702b177d 5 1790797943
1790798466.967450552 1c2acf93702b177d 5 1790797943
1790798467.230533609 1c2acf93702b177d 5 1790797943
1790798467.492388785 1c2acf93702b177d 5 1790797943
1790798467.754008213 1c2acf93702b177d 5 1790797943
1790798468.015075686 1c2acf93702b177d 5 1790797943
1790798468.277083526 1c2acf93702b177d 5 1790797943
1790798468.539153751 1c2acf93702b177d 5 1790797943
1790798468.801492285 1c2acf93702b177d 5 1790797943
1790798469.063717498 1c2acf93702b177d 5 1790797943
1790798469.325792122 1c2acf93702b177d 5 1790797943
1790798469.587466012 1c2acf93702b177d 5 1790797943
1790798469.848783539 1c2acf93702b177d 5 1790797943
1790798470.109653526 1c2acf93702b177d 5 1790797943
1790798470.371459391 1c2acf93702b177d 5 1790797943
1790798470.632778481 1c2acf93702b177d 5 1790797943
1790798470.895205289 1c2acf93702b177d 5 1790797943
1790798471.157365212 1c2acf93702b177d 5 1790797943
1790798471.418851734 1c2acf93702b177d 5 1790797943
1790798471.680147251 1c2acf93702b177d 5 1790797943
1790798471.943276694 1c2acf93702b177d 5 1790797943
1790798472.203972767 1c2acf93702b177d 5 1790797943
1790798472.464831233 1c2acf93702b177d 5 1790797943
1790798472.726709653 1c2acf93702b177d 5 1790797943
1790798472.988550402 1c2acf93702b177d 5 1790797943
1790798473.248814775 1c2acf93702b177d 5 1790797943
1790798473.510970990 1c2acf93702b177d 5 1790797943
1790798473.771720193 1c2acf93702b177d 5 1790797943
1790798474.033571903 1c2acf93702b177d 5 1790797943
1790798474.294447902 1c2acf93702b177d 5 1790797943
1790798474.555891393 1c2acf93702b177d 5 1790797943
1790798474.816097437 1c2acf93702b177d 5 1790797943
1790798475.076823668 1c2acf93702b177d 5 1790797943
1790798475.339059241 1c2acf93702b177d 5 1790797943
1790798475.600677498 1c2acf93702b177d 5 1790797943
1790798475.861580466 1c2acf93702b177d 5 1790797943
1790798476.123906117 1c2acf93702b177d 5 1790797943
1790798476.386036745 1c2acf93702b177d 5 1790797943
1790798476.647238409 1c2acf93702b177d 5 1790797943
1790798476.908770926 1c2acf93702b177d 5 1790797943
1790798477.170041708 1c2acf93702b177d 5 1790797943
1790798477.430680336 1c2acf93702b177d 5 1790797943
1790798477.692480521 1c2acf93702b177d 5 1790797943
1790798477.954866985 1c2acf93702b177d 5 1790797943
1790798478.215974153 1c2acf93702b177d 5 1790797943
1790798478.478509432 1c2acf93702b177d 5 1790797943
1790798478.739086346 1c2acf93702b177d 5 1790797943
1790798479.000744227 1c2acf93702b177d 5 1790797943
1790798479.263158191 1c2acf93702b177d 5 1790797943
1790798479.524717339 1c2acf93702b177d 5 1790797943
1790798479.787153445 1c2acf93702b177d 5 1790797943
1790798480.049906610 1c2acf93702b177d 5 1790797943
1790798480.311643247 1c2acf93702b177d 5 1790797943
1790798480.571901920 1c2acf93702b177d 5 1790797943
1790798480.833802802 1c2acf93702b177d 5 1790797943
1790798481.096569112 1c2acf93702b177d 5 1790797943
1790798481.357370752 1c2acf93702b177d 5 1790797943
1790798481.618401299 1c2acf93702b177d 5 1790797943
1790798481.879035658 1c2acf93702b177d 5 1790797943
1790798482.140449156 1c2acf93702b177d 5 1790797943
1790798482.403010274 1c2acf93702b177d 5 1790797943
1790798482.663712411 1c2acf93702b177d 5 1790797943
1790798482.926190765 1c2acf93702b177d 5 1790797943
1790798483.189680539 1c2acf93702b177d 5 1790797943
1790798483.450440413 1c2acf93702b177d 5 1790797943
1790798483.712017684 1c2acf93702b177d 5 1790797943
1790798483.974161748 1c2acf93702b177d 5 1790797943
1790798484.237028324 1c2acf93702b177d 5 1790797943
1790798484.498743382 1c2acf93702b177d 5 1790797943
1790798484.759767005 1c2acf93702b177d 5 1790797943
1790798485.020390205 1c2acf93702b177d 5 1790797943
1790798485.282361569 1c2acf93702b177d 5 1790797943
1790798485.542623527 1c2acf93702b177d 5 1790797943
1790798485.804996547 1c2acf93702b177d 5 1790797943
1790798486.066254085 1c2acf93702b177d 5 1790797943
1790798486.328885655 1c2acf93702b177d 5 1790797943
1790798486.591798137 1c2acf93702b177d 5 1790797943
1790798486.853577985 1c2acf93702b177d 5 1790797943
1790798487.115375646 1c2acf93702b177d 5 1790797943
1790798487.377751501 1c2acf93702b177d 5 1790797943
1790798487.639198972 1c2acf93702b177d 5 1790797943
1790798487.900811990 1c2acf93702b177d 5 1790797943
1790798488.162668150 1c2acf93702b177d 5 1790797943
1790798488.425771046 1c2acf93702b177d 5 1790797943
1790798488.687220580 1c2acf93702b177d 5 1790797943
1790798488.948615814 1c2acf93702b177d 5 1790797943
1790798489.209307612 1c2acf93702b177d 5 1790797943
1790798489.471773464 1c2acf93702b177d 5 1790797943
1790798489.734162194 1c2acf93702b177d 5 1790797943
1790798489.995491796 1c2acf93702b177d 5 1790797943
1790798490.256003259 1c2acf93702b177d 5 1790797943
1790798490.517487498 1c2acf93702b177d 5 1790797943
1790798490.779811648 1c2acf93702b177d 5 1790797943
1790798491.041230616 1c2acf93702b177d 5 1790797943
1790798491.304376642 1c2acf93702b177d 5 1790797943
1790798491.567968265 1c2acf93702b177d 5 1790797943
1790798491.829996575 1c2acf93702b177d 5 1790797943
1790798492.093314480 1c2acf93702b177d 5 1790797943
1790798492.355106922 1c2acf93702b177d 5 1790797943
1790798492.617043041 1c2acf93702b177d 5 1790797943
1790798492.877140836 1c2acf93702b177d 5 1790797943
1790798493.140909739 1c2acf93702b177d 5 1790797943
1790798493.403302616 1c2acf93702b177d 5 1790797943
1790798493.664205506 1c2acf93702b177d 5 1790797943
1790798493.925790844 1c2acf93702b177d 5 1790797943
1790798494.187842487 1c2acf93702b177d 5 1790797943
1790798494.450508752 1c2acf93702b177d 5 1790797943
1790798494.711724884 1c2acf93702b177d 5 1790797943
1790798494.972904659 1c2acf93702b177d 5 1790797943
1790798495.233244193 1c2acf93702b177d 5 1790797943
1790798495.494959041 1c2acf93702b177d 5 1790797943
1790798495.757079422 1c2acf93702b177d 5 1790797943
1790798496.019178825 1c2acf93702b177d 5 1790797943
1790798496.281332729 1c2acf93702b177d 5 1790797943
1790798496.543528771 1c2acf93702b177d 5 1790797943
1790798496.805087750 1c2acf93702b177d 5 1790797943
1790798497.066340630 1c2acf93702b177d 5 1790797943
1790798497.327551944 1c2acf93702b177d 5 1790797943
1790798497.588954372 1c2acf93702b177d 5 1790797943
1790798497.850025114 1c2acf93702b177d 5 1790797943
1790798498.111080678 1c2acf93702b177d 5 1790797943
1790798498.371378395 1c2acf93702b177d 5 1790797943
1790798498.633517160 1c2acf93702b177d 5 1790797943
1790798498.895339969 1c2acf93702b177d 5 1790797943
1790798499.156774387 1c2acf93702b177d 5 1790797943
1790798499.418480981 1c2acf93702b177d 5 1790797943
1790798499.680700537 1c2acf93702b177d 5 1790797943
1790798499.941917891 1c2acf93702b177d 5 1790797943
1790798500.203461111 1c2acf93702b177d 5 1790797943
1790798500.464926547 1c2acf93702b177d 5 1790797943
1790798500.726199906 1c2acf93702b177d 5 1790797943
1790798500.987547963 1c2acf93702b177d 5 1790797943
1790798501.247773707 1c2acf93702b177d 5 1790797943
1790798501.508694571 1c2acf93702b177d 5 1790797943
1790798501.769676188 1c2acf93702b177d 5 1790797943
1790798502.031011622 1c2acf93702b177d 5 1790797943
1790798502.292268911 1c2acf93702b177d 5 1790797943
1790798502.554017443 1c2acf93702b177d 5 1790797943
1790798502.814986346 1c2acf93702b177d 5 1790797943
1790798503.076703570 1c2acf93702b177d 5 1790797943
1790798503.337830878 1c2acf93702b177d 5 1790797943
1790798503.598532755 1c2acf93702b177d 5 1790797943
1790798503.862093282 1c2acf93702b177d 5 1790797943
1790798504.123469002 1c2acf93702b177d 5 1790797943
1790798504.384603963 1c2acf93702b177d 5 1790797943
1790798504.645041731 1c2acf93702b177d 5 1790797943
1790798504.905472005 1c2acf93702b177d 5 1790797943
1790798505.166696563 1c2acf93702b177d 5 1790797943
1790798505.427090028 1c2acf93702b177d 5 1790797943
1790798505.688436944 1c2acf93702b177d 5 1790797943
1790798505.949756369 1c2acf93702b177d 5 1790797943
1790798506.209759980 1c2acf93702b177d 5 1790797943
1790798506.470858395 1c2acf93702b177d 5 1790797943
1790798506.733432640 1c2acf93702b177d 5 1790797943
1790798506.994639296 1c2acf93702b177d 5 1790797943
1790798507.255485572 1c2acf93702b177d 5 1790797943
1790798507.517141983 1c2acf93702b177d 5 1790797943
1790798507.778894723 1c2acf93702b177d 5 1790797943
1790798508.039675828 1c2acf93702b177d 5 1790797943
1790798508.300651595 1c2acf93702b177d 5 1790797943
1790798508.562069393 1c2acf93702b177d 5 1790797943
1790798508.822794013 1c2acf93702b177d 5 1790797943
1790798509.085198103 1c2acf93702b177d 5 1790797943
1790798509.346706629 1c2acf93702b177d 5 1790797943
1790798509.607173230 1c2acf93702b177d 5 1790797943
1790798509.868654897 1c2acf93702b177d 5 1790797943
1790798510.130311870 1c2acf93702b177d 5 1790797943
1790798510.391904231 1c2acf93702b177d 5 1790797943
1790798510.653597571 1c2acf93702b177d 5 1790797943
1790798510.915153266 1c2acf93702b177d 5 1790797943
1790798511.176065184 1c2acf93702b177d 5 1790797943
1790798511.438147046 1c2acf93702b177d 5 1790797943
1790798511.699424764 1c2acf93702b177d 5 1790797943
1790798511.961206919 1c2acf93702b177d 5 1790797943
1790798512.223207118 1c2acf93702b177d 5 1790797943
1790798512.486040496 1c2acf93702b177d 5 1790797943
1790798512.749026025 1c2acf93702b177d 5 1790797943
1790798513.011148532 1c2acf93702b177d 5 1790797943
1790798513.273575755 1c2acf93702b177d 5 1790797943
1790798513.537157012 1c2acf93702b177d 5 1790797943
1790798513.799595145 1c2acf93702b177d 5 1790797943
1790798514.062258927 1c2acf93702b177d 5 1790797943
1790798514.324461383 1c2acf93702b177d 5 1790797943
1790798514.587313445 1c2acf93702b177d 5 1790797943
1790798514.848753816 1c2acf93702b177d 5 1790797943
1790798515.110271169 1c2acf93702b177d 5 1790797943
1790798515.373193271 1c2acf93702b177d 5 1790797943
1790798515.635680045 1c2acf93702b177d 5 1790797943
1790798515.897743323 1c2acf93702b177d 5 1790797943
1790798516.158853620 1c2acf93702b177d 5 1790797943
1790798516.418576491 1c2acf93702b177d 5 1790797943
1790798516.679387943 1c2acf93702b177d 5 1790797943
1790798516.940062241 1c2acf93702b177d 5 1790797943
1790798517.201123889 1c2acf93702b177d 5 1790797943
1790798517.462534665 1c2acf93702b177d 5 1790797943
1790798517.724040437 1c2acf93702b177d 5 1790797943
1790798517.984389711 1c2acf93702b177d 5 1790797943
1790798518.247320590 1c2acf93702b177d 5 1790797943
1790798518.510639740 1c2acf93702b177d 5 1790797943
1790798518.772604094 1c2acf93702b177d 5 1790797943
1790798519.034342859 1c2acf93702b177d 5 1790797943
1790798519.296242893 1c2acf93702b177d 5 1790797943
1790798519.558067428 1c2acf93702b177d 5 1790797943
1790798519.818815413 1c2acf93702b177d 5 1790797943
1790798520.082325237 1c2acf93702b177d 5 1790797943
1790798520.344534877 1c2acf93702b177d 5 1790797943
1790798520.604724845 1c2acf93702b177d 5 1790797943
1790798520.866729063 1c2acf93702b177d 5 1790797943
1790798521.129647700 1c2acf93702b177d 5 1790797943
1790798521.391571398 1c2acf93702b177d 5 1790797943
1790798521.652609823 1c2acf93702b177d 5 1790797943
1790798521.912900218 1c2acf93702b177d 5 1790797943
1790798522.173808902 1c2acf93702b177d 5 1790797943
1790798522.436233410 1c2acf93702b177d 5 1790797943
1790798522.697071533 1c2acf93702b177d 5 1790797943
1790798522.957450814 1c2acf93702b177d 5 1790797943
1790798523.217808294 1c2acf93702b177d 5 1790797943
1790798523.480558527 1c2acf93702b177d 5 1790797943
1790798523.742037210 1c2acf93702b177d 5 1790797943
1790798524.002746503 1c2acf93702b177d 5 1790797943
1790798524.264219145 1c2acf93702b177d 5 1790797943
1790798524.524765235 1c2acf93702b177d 5 1790797943
1790798524.786055848 1c2acf93702b177d 5 1790797943
1790798525.049441492 1c2acf93702b177d 5 1790797943
1790798525.310926196 1c2acf93702b177d 5 1790797943
1790798525.572851849 1c2acf93702b177d 5 1790797943
1790798525.833989328 1c2acf93702b177d 5 1790797943
1790798526.096181876 1c2acf93702b177d 5 1790797943
1790798526.358209819 1c2acf93702b177d 5 1790797943
1790798526.619661892 1c2acf93702b177d 5 1790797943
1790798526.880715234 1c2acf93702b177d 5 1790797943
1790798527.141464492 1c2acf93702b177d 5 1790797943
1790798527.403375438 1c2acf93702b177d 5 1790797943
1790798527.664053143 1c2acf93702b177d 5 1790797943
1790798527.925794083 1c2acf93702b177d 5 1790797943
1790798528.187160237 1c2acf93702b177d 5 1790797943
1790798528.447142570 1c2acf93702b177d 5 1790797943
1790798528.709612925 1c2acf93702b177d 5 1790797943
1790798528.972799450 1c2acf93702b177d 5 1790797943
1790798529.233967876 1c2acf93702b177d 5 1790797943
1790798529.494969193 1c2acf93702b177d 5 1790797943
1790798529.755983333 1c2acf93702b177d 5 1790797943
1790798530.017065910 1c2acf93702b177d 5 1790797943
1790798530.278561905 1c2acf93702b177d 5 1790797943
1790798530.539981969 1c2acf93702b177d 5 1790797943
1790798530.801086297 1c2acf93702b177d 5 1790797943
1790798531.061675278 1c2acf93702b177d 5 1790797943
1790798531.321530887 1c2acf93702b177d 5 1790797943
1790798531.581952366 1c2acf93702b177d 5 1790797943
1790798531.844020845 1c2acf93702b177d 5 1790797943
1790798532.105371520 1c2acf93702b177d 5 1790797943
1790798532.366467473 1c2acf93702b177d 5 1790797943
1790798532.629209071 1c2acf93702b177d 5 1790797943
1790798532.890431839 1c2acf93702b177d 5 1790797943
1790798533.152355599 1c2acf93702b177d 5 1790797943
1790798533.414800927 1c2acf93702b177d 5 1790797943
1790798533.674694858 1c2acf93702b177d 5 1790797943
1790798533.934614365 1c2acf93702b177d 5 1790797943
1790798534.196532785 1c2acf93702b177d 5 1790797943
1790798534.458896672 1c2acf93702b177d 5 1790797943
1790798534.719559400 1c2acf93702b177d 5 1790797943
1790798534.981091163 1c2acf93702b177d 5 1790797943
1790798535.243067510 1c2acf93702b177d 5 1790797943
1790798535.504288245 1c2acf93702b177d 5 1790797943
1790798535.765291816 1c2acf93702b177d 5 1790797943
1790798536.028003880 1c2acf93702b177d 5 1790797943
1790798536.289165645 1c2acf93702b177d 5 1790797943
1790798536.550425632 1c2acf93702b177d 5 1790797943
1790798536.812769923 1c2acf93702b177d 5 1790797943
1790798537.073070879 1c2acf93702b177d 5 1790797943
1790798537.334232555 1c2acf93702b177d 5 1790797943
1790798537.595036395 1c2acf93702b177d 5 1790797943
1790798537.856598874 1c2acf93702b177d 5 1790797943
1790798538.118022475 1c2acf93702b177d 5 1790797943
1790798538.378931842 1c2acf93702b177d 5 1790797943
1790798538.641127347 1c2acf93702b177d 5 1790797943
1790798538.903621928 1c2acf93702b177d 5 1790797943
1790798539.166040707 1c2acf93702b177d 5 1790797943
1790798539.427922880 1c2acf93702b177d 5 1790797943
1790798539.689103441 1c2acf93702b177d 5 1790797943
1790798539.950545757 1c2acf93702b177d 5 1790797943
1790798540.211283204 1c2acf93702b177d 5 1790797943
1790798540.471512027 1c2acf93702b177d 5 1790797943
1790798540.732774599 1c2acf93702b177d 5 1790797943
1790798540.994188122 1c2acf93702b177d 5 1790797943
1790798541.254908788 1c2acf93702b177d 5 1790797943
1790798541.516895957 1c2acf93702b177d 5 1790797943
1790798541.778275797 1c2acf93702b177d 5 1790797943
1790798542.038496585 1c2acf93702b177d 5 1790797943
1790798542.300006587 1c2acf93702b177d 5 1790797943
1790798542.561443404 1c2acf93702b177d 5 1790797943
1790798542.823769903 1c2acf93702b177d 5 1790797943
1790798543.085973974 1c2acf93702b177d 5 1790797943
1790798543.348060988 1c2acf93702b177d 5 1790797943
1790798543.609416784 1c2acf93702b177d 5 1790797943
1790798543.871715641 1c2acf93702b177d 5 1790797943
1790798544.133595019 1c2acf93702b177d 5 1790797943
1790798544.395396393 1c2acf93702b177d 5 1790797943
1790798544.657017772 1c2acf93702b177d 5 1790797943
1790798544.918715714 1c2acf93702b177d 5 1790797943
1790798545.181545087 1c2acf93702b177d 5 1790797943
1790798545.443339968 1c2acf93702b177d 5 1790797943
1790798545.705385505 1c2acf93702b177d 5 1790797943
1790798545.966159902 1c2acf93702b177d 5 1790797943
1790798546.227969441 1c2acf93702b177d 5 1790797943
1790798546.488855735 1c2acf93702b177d 5 1790797943
1790798546.751796505 1c2acf93702b177d 5 1790797943
1790798547.013381437 1c2acf93702b177d 5 1790797943
1790798547.275864306 1c2acf93702b177d 5 1790797943
1790798547.537350665 1c2acf93702b177d 5 1790797943
1790798547.799104962 1c2acf93702b177d 5 1790797943
1790798548.059552992 1c2acf93702b177d 5 1790797943
1790798548.321454712 1c2acf93702b177d 5 1790797943
1790798548.583250596 1c2acf93702b177d 5 1790797943
1790798548.845752551 1c2acf93702b177d 5 1790797943
1790798549.108168927 1c2acf93702b177d 5 1790797943
1790798549.369951948 1c2acf93702b177d 5 1790797943
1790798549.632040825 1c2acf93702b177d 5 1790797943
1790798549.893653369 1c2acf93702b177d 5 1790797943
1790798550.155856820 1c2acf93702b177d 5 1790797943
1790798550.417642475 1c2acf93702b177d 5 1790797943
1790798550.678017019 1c2acf93702b177d 5 1790797943
1790798550.940823900 1c2acf93702b177d 5 1790797943
1790798551.201495216 1c2acf93702b177d 5 1790797943
1790798551.463140861 1c2acf93702b177d 5 1790797943
1790798551.725169206 1c2acf93702b177d 5 1790797943
1790798551.985936340 1c2acf93702b177d 5 1790797943
1790798552.246854604 1c2acf93702b177d 5 1790797943
1790798552.509248970 1c2acf93702b177d 5 1790797943
1790798552.771137787 1c2acf93702b177d 5 1790797943
1790798553.033394026 1c2acf93702b177d 5 1790797943
1790798553.294495600 1c2acf93702b177d 5 1790797943
1790798553.555186743 1c2acf93702b177d 5 1790797943
1790798553.817383261 1c2acf93702b177d 5 1790797943
1790798554.078858389 1c2acf93702b177d 5 1790797943
1790798554.340157692 1c2acf93702b177d 5 1790797943
1790798554.602380379 1c2acf93702b177d 5 1790797943
1790798554.864551720 1c2acf93702b177d 5 1790797943
1790798555.126381227 1c2acf93702b177d 5 1790797943
1790798555.388895896 1c2acf93702b177d 5 1790797943
1790798555.649489227 1c2acf93702b177d 5 1790797943
1790798555.911203029 1c2acf93702b177d 5 1790797943
1790798556.173182605 1c2acf93702b177d 5 1790797943
1790798556.433887082 1c2acf93702b177d 5 1790797943
1790798556.694163565 1c2acf93702b177d 5 1790797943
1790798556.953987186 1c2acf93702b177d 5 1790797943
1790798557.215177045 1c2acf93702b177d 5 1790797943
1790798557.475031635 1c2acf93702b177d 5 1790797943
1790798557.735492870 1c2acf93702b177d 5 1790797943
1790798557.994849605 1c2acf93702b177d 5 1790797943
1790798558.255271447 1c2acf93702b177d 5 1790797943
1790798558.516187669 1c2acf93702b177d 5 1790797943
1790798558.775604896 1c2acf93702b177d 5 1790797943
1790798559.036540713 1c2acf93702b177d 5 1790797943
1790798559.298331989 1c2acf93702b177d 5 1790797943
1790798559.559402998 1c2acf93702b177d 5 1790797943
1790798559.820991888 1c2acf93702b177d 5 1790797943
1790798560.080885259 1c2acf93702b177d 5 1790797943
1790798560.341722403 1c2acf93702b177d 5 1790797943
1790798560.604241061 1c2acf93702b177d 5 1790797943
1790798560.865662540 1c2acf93702b177d 5 1790797943
1790798561.127668525 1c2acf93702b177d 5 1790797943
1790798561.389179271 1c2acf93702b177d 5 1790797943
1790798561.649907252 1c2acf93702b177d 5 1790797943
1790798561.910685788 1c2acf93702b177d 5 1790797943
1790798562.172361269 1c2acf93702b177d 5 1790797943
1790798562.434662052 1c2acf93702b177d 5 1790797943
1790798562.696314711 1c2acf93702b177d 5 1790797943
1790798562.959063135 1c2acf93702b177d 5 1790797943
1790798563.220477501 1c2acf93702b177d 5 1790797943
1790798563.483383939 1c2acf93702b177d 5 1790797943
1790798563.744904743 1c2acf93702b177d 5 1790797943
1790798564.007464617 1c2acf93702b177d 5 1790797943
1790798564.269186395 1c2acf93702b177d 5 1790797943
1790798564.530698793 1c2acf93702b177d 5 1790797943
1790798564.793481712 1c2acf93702b177d 5 1790797943
1790798565.056261905 1c2acf93702b177d 5 1790797943
1790798565.317711657 1c2acf93702b177d 5 1790797943
1790798565.579896325 1c2acf93702b177d 5 1790797943
1790798565.842232564 1c2acf93702b177d 5 1790797943
1790798566.103206913 1c2acf93702b177d 5 1790797943
1790798566.365422187 1c2acf93702b177d 5 1790797943
1790798566.626709087 1c2acf93702b177d 5 1790797943
1790798566.888294071 1c2acf93702b177d 5 1790797943
1790798567.150660797 1c2acf93702b177d 5 1790797943
1790798567.412324346 1c2acf93702b177d 5 1790797943
1790798567.673593514 1c2acf93702b177d 5 1790797943
1790798567.935960169 1c2acf93702b177d 5 1790797943
1790798568.197674503 1c2acf93702b177d 5 1790797943
1790798568.458891844 1c2acf93702b177d 5 1790797943
1790798568.721527950 1c2acf93702b177d 5 1790797943
1790798568.982942798 1c2acf93702b177d 5 1790797943
1790798569.243925152 1c2acf93702b177d 5 1790797943
1790798569.504857104 1c2acf93702b177d 5 1790797943
1790798569.766798770 1c2acf93702b177d 5 1790797943
1790798570.030421218 1c2acf93702b177d 5 1790797943
1790798570.293892946 1c2acf93702b177d 5 1790797943
1790798570.557188627 1c2acf93702b177d 5 1790797943
1790798570.818860712 1c2acf93702b177d 5 1790797943
1790798571.080229083 1c2acf93702b177d 5 1790797943
1790798571.341189958 1c2acf93702b177d 5 1790797943
1790798571.601683305 1c2acf93702b177d 5 1790797943
1790798571.862896939 1c2acf93702b177d 5 1790797943
1790798572.124607166 1c2acf93702b177d 5 1790797943
1790798572.385478795 1c2acf93702b177d 5 1790797943
1790798572.645949940 1c2acf93702b177d 5 1790797943
1790798572.908369565 1c2acf93702b177d 5 1790797943
1790798573.170972740 1c2acf93702b177d 5 1790797943
1790798573.433631839 1c2acf93702b177d 5 1790797943
1790798573.694563761 1c2acf93702b177d 5 1790797943
1790798573.955492626 1c2acf93702b177d 5 1790797943
1790798574.216165887 1c2acf93702b177d 5 1790797943
1790798574.477328226 1c2acf93702b177d 5 1790797943
1790798574.738154422 1c2acf93702b177d 5 1790797943
1790798575.003575581 1c2acf93702b177d 5 1790797943
1790798575.265991428 1c2acf93702b177d 5 1790797943
1790798575.526772199 1c2acf93702b177d 5 1790797943
1790798575.788306499 1c2acf93702b177d 5 1790797943
1790798576.049326825 1c2acf93702b177d 5 1790797943
1790798576.310735933 1c2acf93702b177d 5 1790797943
1790798576.573585306 1c2acf93702b177d 5 1790797943
1790798576.834601273 1c2acf93702b177d 5 1790797943
1790798577.096737893 1c2acf93702b177d 5 1790797943
1790798577.358239382 1c2acf93702b177d 5 1790797943
1790798577.619360746 1c2acf93702b177d 5 1790797943
1790798577.880273983 1c2acf93702b177d 5 1790797943
1790798578.141384025 1c2acf93702b177d 5 1790797943
1790798578.402001994 1c2acf93702b177d 5 1790797943
1790798578.664457816 1c2acf93702b177d 5 1790797943
1790798578.926507544 1c2acf93702b177d 5 1790797943
1790798579.187246537 1c2acf93702b177d 5 1790797943
1790798579.449061940 1c2acf93702b177d 5 1790797943
1790798579.710096583 1c2acf93702b177d 5 1790797943
1790798579.971396799 1c2acf93702b177d 5 1790797943
1790798580.232505759 1c2acf93702b177d 5 1790797943
1790798580.494792077 1c2acf93702b177d 5 1790797943
1790798580.757376939 1c2acf93702b177d 5 1790797943
1790798581.017707473 1c2acf93702b177d 5 1790797943
1790798581.279417350 1c2acf93702b177d 5 1790797943
1790798581.540254787 1c2acf93702b177d 5 1790797943
1790798581.801406156 1c2acf93702b177d 5 1790797943
1790798582.062222854 1c2acf93702b177d 5 1790797943
1790798582.323769208 1c2acf93702b177d 5 1790797943
1790798582.585977230 1c2acf93702b177d 5 1790797943
1790798582.847166150 1c2acf93702b177d 5 1790797943
1790798583.107086222 1c2acf93702b177d 5 1790797943
1790798583.369645136 1c2acf93702b177d 5 1790797943
1790798583.631774903 1c2acf93702b177d 5 1790797943
1790798583.893748741 1c2acf93702b177d 5 1790797943
1790798584.154949652 1c2acf93702b177d 5 1790797943
1790798584.416387754 1c2acf93702b177d 5 1790797943
1790798584.676959989 1c2acf93702b177d 5 1790797943
1790798584.937351337 1c2acf93702b177d 5 1790797943
1790798585.197755930 1c2acf93702b177d 5 1790797943
1790798585.459758732 1c2acf93702b177d 5 1790797943
1790798585.721406904 1c2acf93702b177d 5 1790797943
1790798585.982475099 1c2acf93702b177d 5 1790797943
1790798586.246552604 1c2acf93702b177d 5 1790797943
1790798586.507139165 1c2acf93702b177d 5 1790797943
1790798586.768382666 1c2acf93702b177d 5 1790797943
1790798587.029358320 1c2acf93702b177d 5 1790797943
1790798587.290142197 1c2acf93702b177d 5 1790797943
1790798587.552601056 1c2acf93702b177d 5 1790797943
1790798587.813601436 1c2acf93702b177d 5 1790797943
1790798588.075696058 1c2acf93702b177d 5 1790797943
1790798588.337430962 1c2acf93702b177d 5 1790797943
1790798588.599648803 1c2acf93702b177d 5 1790797943
1790798588.861086514 1c2acf93702b177d 5 1790797943
1790798589.122398503 1c2acf93702b177d 5 1790797943
1790798589.384535524 1c2acf93702b177d 5 1790797943
1790798589.646107034 1c2acf93702b177d 5 1790797943
1790798589.907025673 1c2acf93702b177d 5 1790797943
1790798590.168460790 1c2acf93702b177d 5 1790797943
1790798590.430039033 1c2acf93702b177d 5 1790797943
1790798590.691167421 1c2acf93702b177d 5 1790797943
1790798590.952439976 1c2acf93702b177d 5 1790797943
1790798591.213504636 1c2acf93702b177d 5 1790797943
1790798591.475428701 1c2acf93702b177d 5 1790797943
1790798591.736257793 1c2acf93702b177d 5 1790797943
1790798591.996776358 1c2acf93702b177d 5 1790797943
1790798592.257517336 1c2acf93702b177d 5 1790797943
1790798592.518928640 1c2acf93702b177d 5 1790797943
1790798592.779778430 1c2acf93702b177d 5 1790797943
1790798593.042106266 1c2acf93702b177d 5 1790797943
1790798593.303359105 1c2acf93702b177d 5 1790797943
1790798593.564993222 1c2acf93702b177d 5 1790797943
1790798593.824509836 1c2acf93702b177d 5 1790797943
1790798594.084656421 1c2acf93702b177d 5 1790797943
1790798594.344676260 1c2acf93702b177d 5 1790797943
1790798594.605690917 1c2acf93702b177d 5 1790797943
1790798594.868150868 1c2acf93702b177d 5 1790797943
1790798595.132928664 1c2acf93702b177d 5 1790797943
1790798595.398119346 1c2acf93702b177d 5 1790797943
1790798595.679617636 1c2acf93702b177d 5 1790797943
1790798595.943605625 1c2acf93702b177d 5 1790797943
1790798596.210044236 1c2acf93702b177d 5 1790797943
1790798596.474897762 1c2acf93702b177d 5 1790797943
1790798596.737881356 1c2acf93702b177d 5 1790797943
1790798597.000793126 1c2acf93702b177d 5 1790797943
1790798597.263329249 1c2acf93702b177d 5 1790797943
1790798597.530225059 1c2acf93702b177d 5 1790797943
1790798597.793639132 1c2acf93702b177d 5 1790797943
1790798598.055761346 1c2acf93702b177d 5 1790797943
1790798598.321744721 1c2acf93702b177d 5 1790797943
1790798598.587696819 1c2acf93702b177d 5 1790797943
1790798598.852988910 1c2acf93702b177d 5 1790797943
1790798599.119210748 1c2acf93702b177d 5 1790797943
1790798599.380117224 1c2acf93702b177d 5 1790797943
1790798599.646398263 1c2acf93702b177d 5 1790797943
1790798599.911027543 1c2acf93702b177d 5 1790797943
1790798600.176277396 1c2acf93702b177d 5 1790797943
1790798600.439281448 1c2acf93702b177d 5 1790797943
1790798600.699865365 1c2acf93702b177d 5 1790797943
1790798600.961372267 1c2acf93702b177d 5 1790797943
1790798601.222533216 1c2acf93702b177d 5 1790797943
1790798601.485646110 1c2acf93702b177d 5 1790797943
1790798601.746940737 1c2acf93702b177d 5 1790797943
1790798602.007317150 1c2acf93702b177d 5 1790797943
1790798602.269230766 1c2acf93702b177d 5 1790797943
1790798602.531523057 1c2acf93702b177d 5 1790797943
1790798602.792867917 1c2acf93702b177d 5 1790797943
1790798603.059478748 1c2acf93702b177d 5 1790797943
1790798603.326761016 1c2acf93702b177d 5 1790797943
1790798603.591341366 1c2acf93702b177d 5 1790797943
1790798603.853907215 1c2acf93702b177d 5 1790797943
1790798604.118794284 1c2acf93702b177d 5 1790797943
1790798604.383548337 1c2acf93702b177d 5 1790797943
1790798604.646114927 1c2acf93702b177d 5 1790797943
1790798604.908325726 1c2acf93702b177d 5 1790797943
1790798605.172176841 1c2acf93702b177d 5 1790797943
1790798605.433631216 1c2acf93702b177d 5 1790797943
1790798605.696586197 1c2acf93702b177d 5 1790797943
1790798605.960312260 1c2acf93702b177d 5 1790797943
1790798606.224209211 1c2acf93702b177d 5 1790797943
1790798606.487040332 1c2acf93702b177d 5 1790797943
1790798606.750274553 1c2acf93702b177d 5 1790797943
1790798607.012709678 1c2acf93702b177d 5 1790797943
1790798607.273248052 1c2acf93702b177d 5 1790797943
1790798607.534813823 1c2acf93702b177d 5 1790797943
1790798607.795997966 1c2acf93702b177d 5 1790797943
1790798608.059096604 1c2acf93702b177d 5 1790797943
1790798608.321580871 1c2acf93702b177d 5 1790797943
1790798608.583199721 1c2acf93702b177d 5 1790797943
1790798608.844262318 1c2acf93702b177d 5 1790797943
1790798609.104788579 1c2acf93702b177d 5 1790797943
1790798609.365983472 1c2acf93702b177d 5 1790797943
1790798609.627750738 1c2acf93702b177d 5 1790797943
1790798609.888870080 1c2acf93702b177d 5 1790797943
1790798610.150682500 1c2acf93702b177d 5 1790797943
1790798610.412896635 1c2acf93702b177d 5 1790797943
1790798610.676013949 1c2acf93702b177d 5 1790797943
1790798610.938130102 1c2acf93702b177d 5 1790797943
1790798611.198889306 1c2acf93702b177d 5 1790797943
1790798611.460676158 1c2acf93702b177d 5 1790797943
1790798611.722526739 1c2acf93702b177d 5 1790797943
1790798611.984871247 1c2acf93702b177d 5 1790797943
1790798612.247053133 1c2acf93702b177d 5 1790797943
1790798612.508932838 1c2acf93702b177d 5 1790797943
1790798612.769986879 1c2acf93702b177d 5 1790797943
1790798613.032634080 1c2acf93702b177d 5 1790797943
1790798613.294816737 1c2acf93702b177d 5 1790797943
1790798613.557196501 1c2acf93702b177d 5 1790797943
1790798613.818109070 1c2acf93702b177d 5 1790797943
1790798614.080038066 1c2acf93702b177d 5 1790797943
1790798614.341476441 1c2acf93702b177d 5 1790797943
1790798614.602611934 1c2acf93702b177d 5 1790797943
1790798614.863582571 1c2acf93702b177d 5 1790797943
1790798615.124642273 1c2acf93702b177d 5 1790797943
1790798615.385138458 1c2acf93702b177d 5 1790797943
1790798615.645986127 1c2acf93702b177d 5 1790797943
1790798615.908498797 1c2acf93702b177d 5 1790797943
1790798616.170980240 1c2acf93702b177d 5 1790797943
1790798616.433567770 1c2acf93702b177d 5 1790797943
1790798616.696167452 1c2acf93702b177d 5 1790797943
1790798616.957809997 1c2acf93702b177d 5 1790797943
1790798617.219208969 1c2acf93702b177d 5 1790797943
1790798617.479310632 1c2acf93702b177d 5 1790797943
1790798617.740915487 1c2acf93702b177d 5 1790797943
1790798618.002692742 1c2acf93702b177d 5 1790797943
1790798618.265524766 1c2acf93702b177d 5 1790797943
1790798618.526699582 1c2acf93702b177d 5 1790797943
1790798618.787611299 1c2acf93702b177d 5 1790797943
1790798619.048176403 1c2acf93702b177d 5 1790797943
1790798619.309735343 1c2acf93702b177d 5 1790797943
1790798619.569698970 1c2acf93702b177d 5 1790797943
1790798619.831118380 1c2acf93702b177d 5 1790797943
1790798620.093571070 1c2acf93702b177d 5 1790797943
1790798620.354837015 1c2acf93702b177d 5 1790797943
1790798620.615165940 1c2acf93702b177d 5 1790797943
1790798620.875858541 1c2acf93702b177d 5 1790797943
1790798621.136976211 1c2acf93702b177d 5 1790797943
1790798621.397767646 1c2acf93702b177d 5 1790797943
1790798621.658647664 1c2acf93702b177d 5 1790797943
1790798621.920087733 1c2acf93702b177d 5 1790797943
1790798622.180968744 1c2acf93702b177d 5 1790797943
1790798622.442686199 1c2acf93702b177d 5 1790797943
1790798622.703627772 1c2acf93702b177d 5 1790797943
1790798622.964749029 1c2acf93702b177d 5 1790797943
1790798623.225401245 1c2acf93702b177d 5 1790797943
1790798623.486613871 1c2acf93702b177d 5 1790797943
1790798623.747295773 1c2acf93702b177d 5 1790797943
1790798624.009148428 1c2acf93702b177d 5 1790797943
1790798624.270665440 1c2acf93702b177d 5 1790797943
1790798624.531797076 1c2acf93702b177d 5 1790797943
1790798624.793586063 1c2acf93702b177d 5 1790797943
1790798625.054512247 1c2acf93702b177d 5 1790797943
1790798625.315576849 1c2acf93702b177d 5 1790797943
1790798625.576237902 1c2acf93702b177d 5 1790797943
1790798625.837274021 1c2acf93702b177d 5 1790797943
1790798626.098124075 1c2acf93702b177d 5 1790797943
1790798626.359016537 1c2acf93702b177d 5 1790797943
1790798626.620178540 1c2acf93702b177d 5 1790797943
1790798626.881897657 1c2acf93702b177d 5 1790797943
1790798627.143963018 1c2acf93702b177d 5 1790797943
1790798627.405401324 1c2acf93702b177d 5 1790797943
1790798627.666213849 1c2acf93702b177d 5 1790797943
1790798627.926866936 1c2acf93702b177d 5 1790797943
1790798628.188331081 1c2acf93702b177d 5 1790797943
1790798628.450576225 1c2acf93702b177d 5 1790797943
1790798628.712067079 1c2acf93702b177d 5 1790797943
1790798628.973536463 1c2acf93702b177d 5 1790797943
1790798629.234438323 1c2acf93702b177d 5 1790797943
1790798629.496744381 1c2acf93702b177d 5 1790797943
1790798629.758916651 1c2acf93702b177d 5 1790797943
1790798630.021511785 1c2acf93702b177d 5 1790797943
1790798630.283176653 1c2acf93702b177d 5 1790797943
1790798630.544661025 1c2acf93702b177d 5 1790797943
1790798630.806597637 1c2acf93702b177d 5 1790797943
1790798631.068017589 1c2acf93702b177d 5 1790797943
1790798631.330410098 1c2acf93702b177d 5 1790797943
1790798631.591162711 1c2acf93702b177d 5 1790797943
1790798631.851822141 1c2acf93702b177d 5 1790797943
1790798632.113906127 1c2acf93702b177d 5 1790797943
1790798632.374667436 1c2acf93702b177d 5 1790797943
1790798632.636330069 1c2acf93702b177d 5 1790797943
1790798632.897324111 1c2acf93702b177d 5 1790797943
1790798633.158747229 1c2acf93702b177d 5 1790797943
1790798633.420412407 1c2acf93702b177d 5 1790797943
1790798633.680975919 1c2acf93702b177d 5 1790797943
1790798633.941667469 1c2acf93702b177d 5 1790797943
1790798634.202527571 1c2acf93702b177d 5 1790797943
1790798634.462977022 1c2acf93702b177d 5 1790797943
1790798634.724172447 1c2acf93702b177d 5 1790797943
1790798634.984438907 1c2acf93702b177d 5 1790797943
1790798635.244599011 1c2acf93702b177d 5 1790797943
1790798635.505240077 1c2acf93702b177d 5 1790797943
1790798635.766586393 1c2acf93702b177d 5 1790797943
1790798636.027057453 1c2acf93702b177d 5 1790797943
1790798636.288083514 1c2acf93702b177d 5 1790797943
1790798636.548338864 1c2acf93702b177d 5 1790797943
1790798636.809611634 1c2acf93702b177d 5 1790797943
1790798637.069649359 1c2acf93702b177d 5 1790797943
1790798637.330303339 1c2acf93702b177d 5 1790797943
1790798637.589831088 1c2acf93702b177d 5 1790797943
1790798637.849737179 1c2acf93702b177d 5 1790797943
1790798638.110906647 1c2acf93702b177d 5 1790797943
1790798638.371120540 1c2acf93702b177d 5 1790797943
1790798638.631274462 1c2acf93702b177d 5 1790797943
1790798638.891576188 1c2acf93702b177d 5 1790797943
1790798639.151939068 1c2acf93702b177d 5 1790797943
1790798639.413739457 1c2acf93702b177d 5 1790797943
1790798639.676106008 1c2acf93702b177d 5 1790797943
1790798639.941397922 1c2acf93702b177d 5 1790797943
1790798640.203006536 1c2acf93702b177d 5 1790797943
1790798640.467383080 1c2acf93702b177d 5 1790797943
1790798640.729938482 1c2acf93702b177d 5 1790797943
1790798640.993811171 1c2acf93702b177d 5 1790797943
1790798641.256813663 1c2acf93702b177d 5 1790797943
1790798641.519325063 1c2acf93702b177d 5 1790797943
1790798641.784345744 1c2acf93702b177d 5 1790797943
1790798642.046844380 1c2acf93702b177d 5 1790797943
1790798642.310112165 1c2acf93702b177d 5 1790797943
1790798642.574045256 1c2acf93702b177d 5 1790797943
1790798642.837357454 1c2acf93702b177d 5 1790797943
1790798643.101787247 1c2acf93702b177d 5 1790797943
1790798643.370933490 1c2acf93702b177d 5 1790797943
1790798643.637139753 1c2acf93702b177d 5 1790797943
1790798643.900061155 1c2acf93702b177d 5 1790797943
1790798644.161692100 1c2acf93702b177d 5 1790797943
1790798644.429066673 1c2acf93702b177d 5 1790797943
1790798644.694173474 1c2acf93702b177d 5 1790797943
1790798644.959812974 1c2acf93702b177d 5 1790797943
1790798645.225716805 1c2acf93702b177d 5 1790797943
1790798645.490717669 1c2acf93702b177d 5 1790797943
1790798645.753080664 1c2acf93702b177d 5 1790797943
1790798646.014396264 1c2acf93702b177d 5 1790797943
1790798646.275700342 1c2acf93702b177d 5 1790797943
1790798646.538737690 1c2acf93702b177d 5 1790797943
1790798646.801841030 1c2acf93702b177d 5 1790797943
1790798647.063787761 1c2acf93702b177d 5 1790797943
1790798647.324527302 1c2acf93702b177d 5 1790797943
1790798647.587407848 1c2acf93702b177d 5 1790797943
1790798647.854196512 1c2acf93702b177d 5 1790797943
1790798648.118842788 1c2acf93702b177d 5 1790797943
1790798648.380498860 1c2acf93702b177d 5 1790797943
1790798648.648546363 1c2acf93702b177d 5 1790797943
1790798648.922523098 1c2acf93702b177d 5 1790797943
1790798649.184962826 1c2acf93702b177d 5 1790797943
1790798649.449591469 1c2acf93702b177d 5 1790797943
1790798649.716071050 1c2acf93702b177d 5 1790797943
1790798649.981017332 1c2acf93702b177d 5 1790797943
1790798650.243576432 1c2acf93702b177d 5 1790797943
1790798650.505363347 1c2acf93702b177d 5 1790797943
1790798650.770324578 1c2acf93702b177d 5 1790797943
1790798651.034011473 1c2acf93702b177d 5 1790797943
1790798651.298144936 1c2acf93702b177d 5 1790797943
1790798651.563561142 1c2acf93702b177d 5 1790797943
1790798651.831436175 1c2acf93702b177d 5 1790797943
1790798652.097538154 1c2acf93702b177d 5 1790797943
1790798652.362028672 1c2acf93702b177d 5 1790797943
1790798652.628453180 1c2acf93702b177d 5 1790797943
1790798652.888512998 1c2acf93702b177d 5 1790797943
1790798653.148719378 1c2acf93702b177d 5 1790797943
1790798653.411332979 1c2acf93702b177d 5 1790797943
1790798653.672322323 1c2acf93702b177d 5 1790797943
1790798653.934194608 1c2acf93702b177d 5 1790797943
1790798654.195561623 1c2acf93702b177d 5 1790797943
1790798654.456725883 1c2acf93702b177d 5 1790797943
1790798654.718322835 1c2acf93702b177d 5 1790797943
1790798654.979814763 1c2acf93702b177d 5 1790797943
1790798655.240376233 1c2acf93702b177d 5 1790797943
1790798655.502365124 1c2acf93702b177d 5 1790797943
1790798655.763711141 1c2acf93702b177d 5 1790797943
1790798656.025008287 1c2acf93702b177d 5 1790797943
1790798656.287301012 1c2acf93702b177d 5 1790797943
1790798656.548931718 1c2acf93702b177d 5 1790797943
1790798656.810064208 1c2acf93702b177d 5 1790797943
1790798657.072196967 1c2acf93702b177d 5 1790797943
1790798657.334174396 1c2acf93702b177d 5 1790797943
1790798657.595308750 1c2acf93702b177d 5 1790797943
1790798657.856246910 1c2acf93702b177d 5 1790797943
1790798658.118279071 1c2acf93702b177d 5 1790797943
1790798658.380285565 1c2acf93702b177d 5 1790797943
1790798658.640317802 1c2acf93702b177d 5 1790797943
1790798658.901808167 1c2acf93702b177d 5 1790797943
1790798659.162795308 1c2acf93702b177d 5 1790797943
1790798659.424328623 1c2acf93702b177d 5 1790797943
1790798659.685935525 1c2acf93702b177d 5 1790797943
1790798659.947852532 1c2acf93702b177d 5 1790797943
1790798660.209027662 1c2acf93702b177d 5 1790797943
1790798660.475098455 1c2acf93702b177d 5 1790797943
1790798660.737098737 1c2acf93702b177d 5 1790797943
1790798660.998759599 1c2acf93702b177d 5 1790797943
1790798661.260545012 1c2acf93702b177d 5 1790797943
1790798661.522858116 1c2acf93702b177d 5 1790797943
1790798661.784756519 1c2acf93702b177d 5 1790797943
1790798662.047365302 1c2acf93702b177d 5 1790797943
1790798662.309252885 1c2acf93702b177d 5 1790797943
1790798662.570725648 1c2acf93702b177d 5 1790797943
1790798662.833233684 1c2acf93702b177d 5 1790797943
1790798663.095406306 1c2acf93702b177d 5 1790797943
1790798663.357425424 1c2acf93702b177d 5 1790797943
1790798663.618583602 1c2acf93702b177d 5 1790797943
1790798663.879998077 1c2acf93702b177d 5 1790797943
1790798664.141040921 1c2acf93702b177d 5 1790797943
1790798664.402382951 1c2acf93702b177d 5 1790797943
1790798664.664373045 1c2acf93702b177d 5 1790797943
1790798664.925566459 1c2acf93702b177d 5 1790797943
1790798665.188039590 1c2acf93702b177d 5 1790797943
1790798665.450880685 1c2acf93702b177d 5 1790797943
1790798665.713373472 1c2acf93702b177d 5 1790797943
1790798665.975607779 1c2acf93702b177d 5 1790797943
1790798666.237833120 1c2acf93702b177d 5 1790797943
1790798666.498833406 1c2acf93702b177d 5 1790797943
1790798666.760689250 1c2acf93702b177d 5 1790797943
1790798667.023055132 1c2acf93702b177d 5 1790797943
1790798667.284929962 1c2acf93702b177d 5 1790797943
1790798667.548154759 1c2acf93702b177d 5 1790797943
1790798667.811317481 1c2acf93702b177d 5 1790797943
1790798668.073917057 1c2acf93702b177d 5 1790797943
1790798668.336837158 1c2acf93702b177d 5 1790797943
1790798668.598147410 1c2acf93702b177d 5 1790797943
1790798668.860513121 1c2acf93702b177d 5 1790797943
1790798669.123073104 1c2acf93702b177d 5 1790797943
1790798669.386444363 1c2acf93702b177d 5 1790797943
1790798669.648442402 1c2acf93702b177d 5 1790797943
1790798669.910414783 1c2acf93702b177d 5 1790797943
1790798670.172926045 1c2acf93702b177d 5 1790797943
1790798670.435647508 1c2acf93702b177d 5 1790797943
1790798670.697068705 1c2acf93702b177d 5 1790797943
1790798670.958810308 1c2acf93702b177d 5 1790797943
1790798671.221967160 1c2acf93702b177d 5 1790797943
1790798671.482110724 1c2acf93702b177d 5 1790797943
1790798671.743598926 1c2acf93702b177d 5 1790797943
1790798672.005043096 1c2acf93702b177d 5 1790797943
1790798672.266704320 1c2acf93702b177d 5 1790797943
1790798672.528641857 1c2acf93702b177d 5 1790797943
1790798672.790350398 1c2acf93702b177d 5 1790797943
1790798673.052840050 1c2acf93702b177d 5 1790797943
1790798673.314706666 1c2acf93702b177d 5 1790797943
1790798673.576582628 1c2acf93702b177d 5 1790797943
1790798673.838617285 1c2acf93702b177d 5 1790797943
1790798674.100904140 1c2acf93702b177d 5 1790797943
1790798674.363186949 1c2acf93702b177d 5 1790797943
1790798674.623778215 1c2acf93702b177d 5 1790797943
1790798674.886967106 1c2acf93702b177d 5 1790797943
1790798675.148691076 1c2acf93702b177d 5 1790797943
1790798675.410401792 1c2acf93702b177d 5 1790797943
1790798675.670927787 1c2acf93702b177d 5 1790797943
1790798675.932735964 1c2acf93702b177d 5 1790797943
1790798676.194465665 1c2acf93702b177d 5 1790797943
1790798676.456358329 1c2acf93702b177d 5 1790797943
1790798676.718389770 1c2acf93702b177d 5 1790797943
1790798676.978887333 1c2acf93702b177d 5 1790797943
1790798677.240320553 1c2acf93702b177d 5 1790797943
1790798677.501360803 1c2acf93702b177d 5 1790797943
1790798677.763247576 1c2acf93702b177d 5 1790797943
1790798678.024433498 1c2acf93702b177d 5 1790797943
1790798678.287614654 1c2acf93702b177d 5 1790797943
1790798678.550048384 1c2acf93702b177d 5 1790797943
1790798678.811509336 1c2acf93702b177d 5 1790797943
1790798679.072795523 1c2acf93702b177d 5 1790797943
1790798679.335350567 1c2acf93702b177d 5 1790797943
1790798679.595688012 1c2acf93702b177d 5 1790797943
1790798679.857027759 1c2acf93702b177d 5 1790797943
1790798680.119341986 1c2acf93702b177d 5 1790797943
1790798680.380810813 1c2acf93702b177d 5 1790797943
1790798680.643160255 1c2acf93702b177d 5 1790797943
1790798680.905182570 1c2acf93702b177d 5 1790797943
1790798681.165867741 1c2acf93702b177d 5 1790797943
1790798681.426962714 1c2acf93702b177d 5 1790797943
1790798681.689775006 1c2acf93702b177d 5 1790797943
1790798681.951188570 1c2acf93702b177d 5 1790797943
1790798682.212917169 1c2acf93702b177d 5 1790797943
1790798682.474580467 1c2acf93702b177d 5 1790797943
1790798682.736954545 1c2acf93702b177d 5 1790797943
1790798682.998007540 1c2acf93702b177d 5 1790797943
1790798683.259750656 1c2acf93702b177d 5 1790797943
1790798683.519875617 1c2acf93702b177d 5 1790797943
1790798683.780235915 1c2acf93702b177d 5 1790797943
1790798684.040663068 1c2acf93702b177d 5 1790797943
1790798684.301933887 1c2acf93702b177d 5 1790797943
1790798684.564793337 1c2acf93702b177d 5 1790797943
1790798684.826678627 1c2acf93702b177d 5 1790797943
1790798685.087152146 1c2acf93702b177d 5 1790797943
1790798685.348359307 1c2acf93702b177d 5 1790797943
1790798685.610439409 1c2acf93702b177d 5 1790797943
1790798685.871922132 1c2acf93702b177d 5 1790797943
1790798686.133438397 1c2acf93702b177d 5 1790797943
1790798686.393840303 1c2acf93702b177d 5 1790797943
1790798686.654341924 1c2acf93702b177d 5 1790797943
1790798686.915520081 1c2acf93702b177d 5 1790797943
1790798687.177827296 1c2acf93702b177d 5 1790797943
1790798687.439318324 1c2acf93702b177d 5 1790797943
1790798687.701361057 1c2acf93702b177d 5 1790797943
1790798687.963657902 1c2acf93702b177d 5 1790797943
1790798688.225045609 1c2acf93702b177d 5 1790797943
1790798688.488338835 1c2acf93702b177d 5 1790797943
1790798688.749767557 1c2acf93702b177d 5 1790797943
1790798689.010606314 1c2acf93702b177d 5 1790797943
1790798689.271316733 1c2acf93702b177d 5 1790797943
1790798689.532940328 1c2acf93702b177d 5 1790797943
1790798689.794192834 1c2acf93702b177d 5 1790797943
1790798690.055063550 1c2acf93702b177d 5 1790797943
1790798690.316438804 1c2acf93702b177d 5 1790797943
1790798690.577925515 1c2acf93702b177d 5 1790797943
1790798690.839580177 1c2acf93702b177d 5 1790797943
1790798691.101119465 1c2acf93702b177d 5 1790797943
1790798691.361540306 1c2acf93702b177d 5 1790797943
1790798691.623193547 1c2acf93702b177d 5 1790797943
1790798691.884979944 1c2acf93702b177d 5 1790797943
1790798692.147925805 1c2acf93702b177d 5 1790797943
1790798692.409952599 1c2acf93702b177d 5 1790797943
1790798692.671971528 1c2acf93702b177d 5 1790797943
1790798692.935118512 1c2acf93702b177d 5 1790797943
1790798693.197011548 1c2acf93702b177d 5 1790797943
1790798693.459174184 1c2acf93702b177d 5 1790797943
1790798693.719661890 1c2acf93702b177d 5 1790797943
1790798693.981162115 1c2acf93702b177d 5 1790797943
1790798694.243372420 1c2acf93702b177d 5 1790797943
1790798694.504533386 1c2acf93702b177d 5 1790797943
1790798694.767520905 1c2acf93702b177d 5 1790797943
1790798695.029530456 1c2acf93702b177d 5 1790797943
1790798695.289944425 1c2acf93702b177d 5 1790797943
1790798695.550829699 1c2acf93702b177d 5 1790797943
1790798695.811803688 1c2acf93702b177d 5 1790797943
1790798696.073492795 1c2acf93702b177d 5 1790797943
1790798696.334736544 1c2acf93702b177d 5 1790797943
1790798696.595206888 1c2acf93702b177d 5 1790797943
1790798696.855993569 1c2acf93702b177d 5 1790797943
1790798697.116927934 1c2acf93702b177d 5 1790797943
1790798697.377092549 1c2acf93702b177d 5 1790797943
1790798697.637915598 1c2acf93702b177d 5 1790797943
1790798697.900021068 1c2acf93702b177d 5 1790797943
1790798698.161506237 1c2acf93702b177d 5 1790797943
1790798698.423242050 1c2acf93702b177d 5 1790797943
1790798698.686216234 1c2acf93702b177d 5 1790797943
1790798698.948416881 1c2acf93702b177d 5 1790797943
1790798699.210231131 1c2acf93702b177d 5 1790797943
1790798699.470738644 1c2acf93702b177d 5 1790797943
1790798699.733216516 1c2acf93702b177d 5 1790797943
1790798699.995246165 1c2acf93702b177d 5 1790797943
1790798700.257406628 1c2acf93702b177d 5 1790797943
1790798700.519393499 1c2acf93702b177d 5 1790797943
1790798700.781686166 1c2acf93702b177d 5 1790797943
1790798701.043686873 1c2acf93702b177d 5 1790797943
1790798701.304286016 1c2acf93702b177d 5 1790797943
1790798701.567275347 1c2acf93702b177d 5 1790797943
1790798701.828130386 1c2acf93702b177d 5 1790797943
1790798702.088682802 1c2acf93702b177d 5 1790797943
1790798702.350600955 1c2acf93702b177d 5 1790797943
1790798702.612111611 1c2acf93702b177d 5 1790797943
1790798702.874760400 1c2acf93702b177d 5 1790797943
1790798703.136659648 1c2acf93702b177d 5 1790797943
1790798703.398106516 1c2acf93702b177d 5 1790797943
1790798703.658926038 1c2acf93702b177d 5 1790797943
1790798703.920362406 1c2acf93702b177d 5 1790797943
1790798704.181791029 1c2acf93702b177d 5 1790797943
1790798704.443383498 1c2acf93702b177d 5 1790797943
1790798704.704737062 1c2acf93702b177d 5 1790797943
1790798704.966358975 1c2acf93702b177d 5 1790797943
1790798705.227737635 1c2acf93702b177d 5 1790797943
1790798705.489315957 1c2acf93702b177d 5 1790797943
1790798705.751480578 1c2acf93702b177d 5 1790797943
1790798706.013594785 1c2acf93702b177d 5 1790797943
1790798706.275667716 1c2acf93702b177d 5 1790797943
1790798706.537393351 1c2acf93702b177d 5 1790797943
1790798706.798711129 1c2acf93702b177d 5 1790797943
1790798707.060170370 1c2acf93702b177d 5 1790797943
1790798707.322219416 1c2acf93702b177d 5 1790797943
1790798707.583464900 1c2acf93702b177d 5 1790797943
1790798707.844151035 1c2acf93702b177d 5 1790797943
1790798708.104789742 1c2acf93702b177d 5 1790797943
1790798708.366524334 1c2acf93702b177d 5 1790797943
1790798708.627693906 1c2acf93702b177d 5 1790797943
1790798708.888026134 1c2acf93702b177d 5 1790797943
1790798709.149514700 1c2acf93702b177d 5 1790797943
1790798709.410886618 1c2acf93702b177d 5 1790797943
1790798709.671759410 1c2acf93702b177d 5 1790797943
1790798709.933024691 1c2acf93702b177d 5 1790797943
1790798710.194129634 1c2acf93702b177d 5 1790797943
1790798710.454875149 1c2acf93702b177d 5 1790797943
1790798710.716112838 1c2acf93702b177d 5 1790797943
1790798710.978118815 1c2acf93702b177d 5 1790797943
1790798711.238201549 1c2acf93702b177d 5 1790797943
1790798711.498182184 1c2acf93702b177d 5 1790797943
1790798711.759437026 1c2acf93702b177d 5 1790797943
1790798712.020233395 1c2acf93702b177d 5 1790797943
1790798712.281655367 1c2acf93702b177d 5 1790797943
1790798712.543172496 1c2acf93702b177d 5 1790797943
1790798712.804282198 1c2acf93702b177d 5 1790797943
1790798713.066491602 1c2acf93702b177d 5 1790797943
1790798713.327779134 1c2acf93702b177d 5 1790797943
1790798713.588910417 1c2acf93702b177d 5 1790797943
1790798713.849519509 1c2acf93702b177d 5 1790797943
1790798714.112264728 1c2acf93702b177d 5 1790797943
1790798714.374892790 1c2acf93702b177d 5 1790797943
1790798714.636193297 1c2acf93702b177d 5 1790797943
1790798714.897633663 1c2acf93702b177d 5 1790797943
1790798715.158454308 1c2acf93702b177d 5 1790797943
1790798715.420346092 1c2acf93702b177d 5 1790797943
1790798715.681646619 1c2acf93702b177d 5 1790797943
1790798715.942380884 1c2acf93702b177d 5 1790797943
1790798716.203292969 1c2acf93702b177d 5 1790797943
1790798716.463924293 1c2acf93702b177d 5 1790797943
1790798716.726376518 1c2acf93702b177d 5 1790797943
1790798716.987834638 1c2acf93702b177d 5 1790797943
1790798717.249840504 1c2acf93702b177d 5 1790797943
1790798717.511209278 1c2acf93702b177d 5 1790797943
1790798717.773592495 1c2acf93702b177d 5 1790797943
1790798718.036253719 1c2acf93702b177d 5 1790797943
1790798718.298292417 1c2acf93702b177d 5 1790797943
1790798718.560451107 1c2acf93702b177d 5 1790797943
1790798718.820821687 1c2acf93702b177d 5 1790797943
1790798719.082197213 1c2acf93702b177d 5 1790797943
1790798719.343304591 1c2acf93702b177d 5 1790797943
1790798719.603796175 1c2acf93702b177d 5 1790797943
1790798719.866950746 1c2acf93702b177d 5 1790797943
1790798720.129285783 1c2acf93702b177d 5 1790797943
1790798720.390791191 1c2acf93702b177d 5 1790797943
1790798720.653260078 1c2acf93702b177d 5 1790797943
1790798720.915108132 1c2acf93702b177d 5 1790797943
1790798721.177379351 1c2acf93702b177d 5 1790797943
1790798721.438432408 1c2acf93702b177d 5 1790797943
1790798721.699804037 1c2acf93702b177d 5 1790797943
1790798721.961518483 1c2acf93702b177d 5 1790797943
1790798722.222992492 1c2acf93702b177d 5 1790797943
1790798722.484525751 1c2acf93702b177d 5 1790797943
1790798722.745597323 1c2acf93702b177d 5 1790797943
1790798723.007324983 1c2acf93702b177d 5 1790797943
1790798723.269401692 1c2acf93702b177d 5 1790797943
1790798723.531355733 1c2acf93702b177d 5 1790797943
1790798723.792109835 1c2acf93702b177d 5 1790797943
1790798724.053536546 1c2acf93702b177d 5 1790797943
1790798724.314719154 1c2acf93702b177d 5 1790797943
1790798724.576654460 1c2acf93702b177d 5 1790797943
1790798724.838317641 1c2acf93702b177d 5 1790797943
1790798725.098836326 1c2acf93702b177d 5 1790797943
1790798725.360925668 1c2acf93702b177d 5 1790797943
1790798725.621629447 1c2acf93702b177d 5 1790797943
1790798725.882685430 1c2acf93702b177d 5 1790797943
1790798726.144546328 1c2acf93702b177d 5 1790797943
1790798726.405689753 1c2acf93702b177d 5 1790797943
1790798726.667517490 1c2acf93702b177d 5 1790797943
1790798726.928581107 1c2acf93702b177d 5 1790797943
1790798727.189898486 1c2acf93702b177d 5 1790797943
1790798727.452162522 1c2acf93702b177d 5 1790797943
1790798727.713751686 1c2acf93702b177d 5 1790797943
1790798727.974568354 1c2acf93702b177d 5 1790797943
1790798728.235859675 1c2acf93702b177d 5 1790797943
1790798728.496240454 1c2acf93702b177d 5 1790797943
1790798728.757040341 1c2acf93702b177d 5 1790797943
1790798729.018514802 1c2acf93702b177d 5 1790797943
1790798729.279895077 1c2acf93702b177d 5 1790797943
1790798729.541836384 1c2acf93702b177d 5 1790797943
1790798729.802162432 1c2acf93702b177d 5 1790797943
1790798730.062944386 1c2acf93702b177d 5 1790797943
1790798730.323895916 1c2acf93702b177d 5 1790797943
1790798730.584744935 1c2acf93702b177d 5 1790797943
1790798730.846150948 1c2acf93702b177d 5 1790797943
1790798731.106958360 1c2acf93702b177d 5 1790797943
1790798731.368490046 1c2acf93702b177d 5 1790797943
1790798731.629839765 1c2acf93702b177d 5 1790797943
1790798731.891333702 1c2acf93702b177d 5 1790797943
1790798732.152634741 1c2acf93702b177d 5 1790797943
1790798732.414183580 1c2acf93702b177d 5 1790797943
1790798732.676124017 1c2acf93702b177d 5 1790797943
1790798732.938031832 1c2acf93702b177d 5 1790797943
1790798733.199763901 1c2acf93702b177d 5 1790797943
1790798733.460957841 1c2acf93702b177d 5 1790797943
1790798733.721542088 1c2acf93702b177d 5 1790797943
1790798733.983586938 1c2acf93702b177d 5 1790797943
1790798734.244779506 1c2acf93702b177d 5 1790797943
1790798734.507420473 1c2acf93702b177d 5 1790797943
1790798734.768624892 1c2acf93702b177d 5 1790797943
1790798735.029547498 1c2acf93702b177d 5 1790797943
1790798735.291146370 1c2acf93702b177d 5 1790797943
1790798735.552971662 1c2acf93702b177d 5 1790797943
1790798735.814617120 1c2acf93702b177d 5 1790797943
1790798736.075771467 1c2acf93702b177d 5 1790797943
1790798736.336568951 1c2acf93702b177d 5 1790797943
1790798736.597705153 1c2acf93702b177d 5 1790797943
1790798736.859761895 1c2acf93702b177d 5 1790797943
1790798737.121778323 1c2acf93702b177d 5 1790797943
1790798737.383828934 1c2acf93702b177d 5 1790797943
1790798737.644015142 1c2acf93702b177d 5 1790797943
1790798737.904935925 1c2acf93702b177d 5 1790797943
1790798738.166155923 1c2acf93702b177d 5 1790797943
1790798738.428075421 1c2acf93702b177d 5 1790797943
1790798738.688563941 1c2acf93702b177d 5 1790797943
1790798738.949949276 1c2acf93702b177d 5 1790797943
1790798739.211172561 1c2acf93702b177d 5 1790797943
1790798739.472971344 1c2acf93702b177d 5 1790797943
1790798739.734415539 1c2acf93702b177d 5 1790797943
1790798739.995110402 1c2acf93702b177d 5 1790797943
1790798740.255730877 1c2acf93702b177d 5 1790797943
1790798740.516722101 1c2acf93702b177d 5 1790797943
1790798740.778027167 1c2acf93702b177d 5 1790797943
1790798741.039080216 1c2acf93702b177d 5 1790797943
1790798741.300938189 1c2acf93702b177d 5 1790797943
1790798741.563691165 1c2acf93702b177d 5 1790797943
1790798741.825068055 1c2acf93702b177d 5 1790797943
1790798742.087349114 1c2acf93702b177d 5 1790797943
1790798742.349866733 1c2acf93702b177d 5 1790797943
1790798742.611858194 1c2acf93702b177d 5 1790797943
1790798742.873183639 1c2acf93702b177d 5 1790797943
1790798743.135141568 1c2acf93702b177d 5 1790797943
1790798743.397136787 1c2acf93702b177d 5 1790797943
1790798743.660307999 1c2acf93702b177d 5 1790797943
1790798743.922646846 1c2acf93702b177d 5 1790797943
1790798744.184730418 1c2acf93702b177d 5 1790797943
1790798744.446070570 1c2acf93702b177d 5 1790797943
1790798744.707119131 1c2acf93702b177d 5 1790797943
1790798744.969361438 1c2acf93702b177d 5 1790797943
1790798745.231131128 1c2acf93702b177d 5 1790797943
1790798745.493033063 1c2acf93702b177d 5 1790797943
1790798745.755060292 1c2acf93702b177d 5 1790797943
1790798746.016744082 1c2acf93702b177d 5 1790797943
1790798746.278550800 1c2acf93702b177d 5 1790797943
1790798746.540309429 1c2acf93702b177d 5 1790797943
1790798746.801701578 1c2acf93702b177d 5 1790797943
1790798747.062538385 1c2acf93702b177d 5 1790797943
1790798747.324813604 1c2acf93702b177d 5 1790797943
1790798747.586601257 1c2acf93702b177d 5 1790797943
1790798747.848697403 1c2acf93702b177d 5 1790797943
1790798748.109888699 1c2acf93702b177d 5 1790797943
1790798748.370942149 1c2acf93702b177d 5 1790797943
1790798748.632665583 1c2acf93702b177d 5 1790797943
1790798748.894748725 1c2acf93702b177d 5 1790797943
1790798749.155649702 1c2acf93702b177d 5 1790797943
1790798749.417457392 1c2acf93702b177d 5 1790797943
1790798749.679695622 1c2acf93702b177d 5 1790797943
1790798749.941160186 1c2acf93702b177d 5 1790797943
1790798750.202372641 1c2acf93702b177d 5 1790797943
1790798750.464259208 1c2acf93702b177d 5 1790797943
1790798750.726888334 1c2acf93702b177d 5 1790797943
1790798750.988498758 1c2acf93702b177d 5 1790797943
1790798751.252514239 1c2acf93702b177d 5 1790797943
1790798751.515238643 1c2acf93702b177d 5 1790797943
1790798751.777162790 1c2acf93702b177d 5 1790797943
1790798752.038344809 1c2acf93702b177d 5 1790797943
1790798752.298642625 1c2acf93702b177d 5 1790797943
1790798752.558925093 1c2acf93702b177d 5 1790797943
1790798752.820665839 1c2acf93702b177d 5 1790797943
1790798753.083782932 1c2acf93702b177d 5 1790797943
1790798753.345086196 1c2acf93702b177d 5 1790797943
1790798753.605811988 1c2acf93702b177d 5 1790797943
1790798753.867288654 1c2acf93702b177d 5 1790797943
1790798754.128086789 1c2acf93702b177d 5 1790797943
1790798754.389359998 1c2acf93702b177d 5 1790797943
1790798754.650896214 1c2acf93702b177d 5 1790797943
1790798754.913159962 1c2acf93702b177d 5 1790797943
1790798755.175756999 1c2acf93702b177d 5 1790797943
1790798755.437187189 1c2acf93702b177d 5 1790797943
1790798755.699021499 1c2acf93702b177d 5 1790797943
1790798755.964192878 1c2acf93702b177d 5 1790797943
1790798756.226547825 1c2acf93702b177d 5 1790797943
1790798756.488942326 1c2acf93702b177d 5 1790797943
1790798756.750646845 1c2acf93702b177d 5 1790797943
1790798757.012627497 1c2acf93702b177d 5 1790797943
1790798757.273937384 1c2acf93702b177d 5 1790797943
1790798757.535342748 1c2acf93702b177d 5 1790797943
1790798757.797325524 1c2acf93702b177d 5 1790797943
1790798758.058443634 1c2acf93702b177d 5 1790797943
1790798758.319418789 1c2acf93702b177d 5 1790797943
1790798758.580850001 1c2acf93702b177d 5 1790797943
1790798758.842677118 1c2acf93702b177d 5 1790797943
1790798759.105784082 1c2acf93702b177d 5 1790797943
1790798759.367037684 1c2acf93702b177d 5 1790797943
1790798759.626642534 1c2acf93702b177d 5 1790797943
1790798759.888772815 1c2acf93702b177d 5 1790797943
1790798760.150798982 1c2acf93702b177d 5 1790797943
1790798760.413390278 1c2acf93702b177d 5 1790797943
1790798760.674633221 1c2acf93702b177d 5 1790797943
1790798760.936998578 1c2acf93702b177d 5 1790797943
1790798761.198589396 1c2acf93702b177d 5 1790797943
1790798761.460014327 1c2acf93702b177d 5 1790797943
1790798761.721279680 1c2acf93702b177d 5 1790797943
1790798761.982581101 1c2acf93702b177d 5 1790797943
1790798762.245007642 1c2acf93702b177d 5 1790797943
1790798762.506903207 1c2acf93702b177d 5 1790797943
1790798762.768811265 1c2acf93702b177d 5 1790797943
1790798763.030491078 1c2acf93702b177d 5 1790797943
1790798763.291805233 1c2acf93702b177d 5 1790797943
1790798763.554791393 1c2acf93702b177d 5 1790797943
1790798763.815453026 1c2acf93702b177d 5 1790797943
1790798764.076569073 1c2acf93702b177d 5 1790797943
1790798764.336623929 1c2acf93702b177d 5 1790797943
1790798764.599230765 1c2acf93702b177d 5 1790797943
1790798764.861106212 1c2acf93702b177d 5 1790797943
1790798765.122756672 1c2acf93702b177d 5 1790797943
1790798765.385096201 1c2acf93702b177d 5 1790797943
1790798765.647032150 1c2acf93702b177d 5 1790797943
1790798765.908905945 1c2acf93702b177d 5 1790797943
1790798766.170175487 1c2acf93702b177d 5 1790797943
1790798766.431331899 1c2acf93702b177d 5 1790797943
1790798766.691363251 1c2acf93702b177d 5 1790797943
1790798766.952330312 1c2acf93702b177d 5 1790797943
1790798767.215416478 1c2acf93702b177d 5 1790797943
1790798767.475839798 1c2acf93702b177d 5 1790797943
1790798767.735859459 1c2acf93702b177d 5 1790797943
1790798767.998624599 1c2acf93702b177d 5 1790797943
1790798768.258699963 1c2acf93702b177d 5 1790797943
1790798768.519714472 1c2acf93702b177d 5 1790797943
1790798768.781428399 1c2acf93702b177d 5 1790797943
1790798769.043841115 1c2acf93702b177d 5 1790797943
1790798769.305562667 1c2acf93702b177d 5 1790797943
1790798769.567663082 1c2acf93702b177d 5 1790797943
1790798769.830007280 1c2acf93702b177d 5 1790797943
1790798770.091554177 1c2acf93702b177d 5 1790797943
1790798770.353082280 1c2acf93702b177d 5 1790797943
1790798770.614875245 1c2acf93702b177d 5 1790797943
1790798770.876469450 1c2acf93702b177d 5 1790797943
1790798771.137892397 1c2acf93702b177d 5 1790797943
1790798771.399282022 1c2acf93702b177d 5 1790797943
1790798771.660696754 1c2acf93702b177d 5 1790797943
1790798771.922051084 1c2acf93702b177d 5 1790797943
1790798772.183631955 1c2acf93702b177d 5 1790797943
1790798772.444667894 1c2acf93702b177d 5 1790797943
1790798772.704760390 1c2acf93702b177d 5 1790797943
1790798772.965934004 1c2acf93702b177d 5 1790797943
1790798773.227551032 1c2acf93702b177d 5 1790797943
1790798773.488609983 1c2acf93702b177d 5 1790797943
1790798773.750675374 1c2acf93702b177d 5 1790797943
1790798774.011750565 1c2acf93702b177d 5 1790797943
1790798774.273835142 1c2acf93702b177d 5 1790797943
1790798774.535567434 1c2acf93702b177d 5 1790797943
1790798774.796577895 1c2acf93702b177d 5 1790797943
1790798775.058423057 1c2acf93702b177d 5 1790797943
1790798775.319824324 1c2acf93702b177d 5 1790797943
1790798775.581242383 1c2acf93702b177d 5 1790797943
1790798775.842694043 1c2acf93702b177d 5 1790797943
1790798776.104099579 1c2acf93702b177d 5 1790797943
1790798776.365586936 1c2acf93702b177d 5 1790797943
1790798776.627081627 1c2acf93702b177d 5 1790797943
1790798776.887678640 1c2acf93702b177d 5 1790797943
1790798777.149764590 1c2acf93702b177d 5 1790797943
1790798777.411936458 1c2acf93702b177d 5 1790797943
1790798777.672099906 1c2acf93702b177d 5 1790797943
1790798777.933537972 1c2acf93702b177d 5 1790797943
1790798778.194545057 1c2acf93702b177d 5 1790797943
1790798778.456392684 1c2acf93702b177d 5 1790797943
1790798778.717036314 1c2acf93702b177d 5 1790797943
1790798778.978462338 1c2acf93702b177d 5 1790797943
1790798779.239785280 1c2acf93702b177d 5 1790797943
1790798779.500749025 1c2acf93702b177d 5 1790797943
1790798779.762395487 1c2acf93702b177d 5 1790797943
1790798780.022612005 1c2acf93702b177d 5 1790797943
1790798780.284019514 1c2acf93702b177d 5 1790797943
1790798780.545288486 1c2acf93702b177d 5 1790797943
1790798780.807578454 1c2acf93702b177d 5 1790797943
1790798781.069107829 1c2acf93702b177d 5 1790797943
1790798781.330951348 1c2acf93702b177d 5 1790797943
1790798781.592213187 1c2acf93702b177d 5 1790797943
1790798781.854490151 1c2acf93702b177d 5 1790797943
1790798782.115808965 1c2acf93702b177d 5 1790797943
1790798782.376617312 1c2acf93702b177d 5 1790797943
1790798782.639423439 1c2acf93702b177d 5 1790797943
1790798782.900135206 1c2acf93702b177d 5 1790797943
1790798783.160692396 1c2acf93702b177d 5 1790797943
1790798783.421789218 1c2acf93702b177d 5 1790797943
1790798783.683153317 1c2acf93702b177d 5 1790797943
1790798783.944466431 1c2acf93702b177d 5 1790797943
1790798784.205002191 1c2acf93702b177d 5 1790797943
1790798784.466709818 1c2acf93702b177d 5 1790797943
1790798784.729492551 1c2acf93702b177d 5 1790797943
1790798784.991213723 1c2acf93702b177d 5 1790797943
1790798785.252333588 1c2acf93702b177d 5 1790797943
1790798785.515400951 1c2acf93702b177d 5 1790797943
1790798785.776209738 1c2acf93702b177d 5 1790797943
1790798786.037393192 1c2acf93702b177d 5 1790797943
1790798786.299282455 1c2acf93702b177d 5 1790797943
1790798786.562011440 1c2acf93702b177d 5 1790797943
1790798786.822949978 1c2acf93702b177d 5 1790797943
1790798787.085630301 1c2acf93702b177d 5 1790797943
1790798787.347535646 1c2acf93702b177d 5 1790797943
1790798787.607854413 1c2acf93702b177d 5 1790797943
1790798787.868850408 1c2acf93702b177d 5 1790797943
1790798788.129872091 1c2acf93702b177d 5 1790797943
1790798788.391514868 1c2acf93702b177d 5 1790797943
1790798788.654011430 1c2acf93702b177d 5 1790797943
1790798788.915882521 1c2acf93702b177d 5 1790797943
1790798789.177727132 1c2acf93702b177d 5 1790797943
1790798789.438344825 1c2acf93702b177d 5 1790797943
1790798789.699613236 1c2acf93702b177d 5 1790797943
1790798789.961602997 1c2acf93702b177d 5 1790797943
1790798790.223955682 1c2acf93702b177d 5 1790797943
1790798790.485571679 1c2acf93702b177d 5 1790797943
1790798790.746879233 1c2acf93702b177d 5 1790797943
1790798791.010091986 1c2acf93702b177d 5 1790797943
1790798791.271049390 1c2acf93702b177d 5 1790797943
1790798791.533006120 1c2acf93702b177d 5 1790797943
1790798791.795308421 1c2acf93702b177d 5 1790797943
1790798792.056447603 1c2acf93702b177d 5 1790797943
1790798792.318782785 1c2acf93702b177d 5 1790797943
1790798792.581241207 1c2acf93702b177d 5 1790797943
1790798792.843119271 1c2acf93702b177d 5 1790797943
1790798793.103896370 1c2acf93702b177d 5 1790797943
1790798793.365807335 1c2acf93702b177d 5 1790797943
1790798793.626514093 1c2acf93702b177d 5 1790797943
1790798793.887035377 1c2acf93702b177d 5 1790797943
1790798794.148092647 1c2acf93702b177d 5 1790797943
1790798794.409154284 1c2acf93702b177d 5 1790797943
1790798794.671061432 1c2acf93702b177d 5 1790797943
1790798794.933027279 1c2acf93702b177d 5 1790797943
1790798795.194288467 1c2acf93702b177d 5 1790797943
1790798795.456512083 1c2acf93702b177d 5 1790797943
1790798795.718361003 1c2acf93702b177d 5 1790797943
1790798795.978558956 1c2acf93702b177d 5 1790797943
1790798796.240544770 1c2acf93702b177d 5 1790797943
1790798796.502632994 1c2acf93702b177d 5 1790797943
1790798796.764092311 1c2acf93702b177d 5 1790797943
1790798797.026090938 1c2acf93702b177d 5 1790797943
1790798797.287076465 1c2acf93702b177d 5 1790797943
1790798797.549627419 1c2acf93702b177d 5 1790797943
1790798797.811343271 1c2acf93702b177d 5 1790797943
1790798798.072416942 1c2acf93702b177d 5 1790797943
1790798798.334350819 1c2acf93702b177d 5 1790797943
1790798798.595895394 1c2acf93702b177d 5 1790797943
1790798798.857130885 1c2acf93702b177d 5 1790797943
1790798799.118446244 1c2acf93702b177d 5 1790797943
1790798799.380343614 1c2acf93702b177d 5 1790797943
1790798799.641244523 1c2acf93702b177d 5 1790797943
1790798799.902959224 1c2acf93702b177d 5 1790797943
1790798800.164391841 1c2acf93702b177d 5 1790797943
1790798800.426566977 1c2acf93702b177d 5 1790797943
1790798800.688421126 1c2acf93702b177d 5 1790797943
1790798800.950358441 1c2acf93702b177d 5 1790797943
1790798801.210560973 1c2acf93702b177d 5 1790797943
1790798801.471969475 1c2acf93702b177d 5 1790797943
1790798801.733909425 1c2acf93702b177d 5 1790797943
1790798801.995135578 1c2acf93702b177d 5 1790797943
1790798802.256097771 1c2acf93702b177d 5 1790797943
1790798802.517618973 1c2acf93702b177d 5 1790797943
1790798802.780103884 1c2acf93702b177d 5 1790797943
1790798803.040969458 1c2acf93702b177d 5 1790797943
1790798803.302676825 1c2acf93702b177d 5 1790797943
1790798803.563684192 1c2acf93702b177d 5 1790797943
1790798803.825479613 1c2acf93702b177d 5 1790797943
1790798804.087220944 1c2acf93702b177d 5 1790797943
1790798804.349761970 1c2acf93702b177d 5 1790797943
1790798804.612635022 1c2acf93702b177d 5 1790797943
1790798804.873922980 1c2acf93702b177d 5 1790797943
1790798805.135167719 1c2acf93702b177d 5 1790797943
1790798805.396330104 1c2acf93702b177d 5 1790797943
1790798805.657331711 1c2acf93702b177d 5 1790797943
1790798805.918727599 1c2acf93702b177d 5 1790797943
1790798806.181194618 1c2acf93702b177d 5 1790797943
1790798806.443021758 1c2acf93702b177d 5 1790797943
1790798806.704098194 1c2acf93702b177d 5 1790797943
1790798806.965417039 1c2acf93702b177d 5 1790797943
1790798807.226502963 1c2acf93702b177d 5 1790797943
1790798807.488268719 1c2acf93702b177d 5 1790797943
1790798807.749610177 1c2acf93702b177d 5 1790797943
1790798808.010130860 1c2acf93702b177d 5 1790797943
1790798808.271741508 1c2acf93702b177d 5 1790797943
1790798808.535855786 1c2acf93702b177d 5 1790797943
1790798808.798310061 1c2acf93702b177d 5 1790797943
1790798809.059985119 1c2acf93702b177d 5 1790797943
1790798809.321520707 1c2acf93702b177d 5 1790797943
1790798809.583844770 1c2acf93702b177d 5 1790797943
1790798809.846165147 1c2acf93702b177d 5 1790797943
1790798810.107324607 1c2acf93702b177d 5 1790797943
1790798810.369151867 1c2acf93702b177d 5 1790797943
1790798810.630066793 1c2acf93702b177d 5 1790797943
1790798810.890976118 1c2acf93702b177d 5 1790797943
1790798811.152778252 1c2acf93702b177d 5 1790797943
1790798811.413100297 1c2acf93702b177d 5 1790797943
1790798811.674615548 1c2acf93702b177d 5 1790797943
1790798811.935671155 1c2acf93702b177d 5 1790797943
1790798812.195626990 1c2acf93702b177d 5 1790797943
1790798812.456441089 1c2acf93702b177d 5 1790797943
1790798812.718493447 1c2acf93702b177d 5 1790797943
1790798812.979560586 1c2acf93702b177d 5 1790797943
1790798813.242170300 1c2acf93702b177d 5 1790797943
1790798813.504681681 1c2acf93702b177d 5 1790797943
1790798813.766055660 1c2acf93702b177d 5 1790797943
1790798814.028514453 1c2acf93702b177d 5 1790797943
1790798814.291482042 1c2acf93702b177d 5 1790797943
1790798814.553469079 1c2acf93702b177d 5 1790797943
1790798814.814534415 1c2acf93702b177d 5 1790797943
1790798815.076474725 1c2acf93702b177d 5 1790797943
1790798815.339803845 1c2acf93702b177d 5 1790797943
1790798815.602421354 1c2acf93702b177d 5 1790797943
1790798815.863369481 1c2acf93702b177d 5 1790797943
1790798816.125210748 1c2acf93702b177d 5 1790797943
1790798816.387475331 1c2acf93702b177d 5 1790797943
1790798816.650551181 1c2acf93702b177d 5 1790797943
1790798816.912304254 1c2acf93702b177d 5 1790797943
1790798817.172827633 1c2acf93702b177d 5 1790797943
1790798817.434053026 1c2acf93702b177d 5 1790797943
1790798817.694813385 1c2acf93702b177d 5 1790797943
1790798817.956925825 1c2acf93702b177d 5 1790797943
1790798818.219793769 1c2acf93702b177d 5 1790797943
1790798818.480808982 1c2acf93702b177d 5 1790797943
1790798818.742830684 1c2acf93702b177d 5 1790797943
1790798819.004235019 1c2acf93702b177d 5 1790797943
1790798819.265695118 1c2acf93702b177d 5 1790797943
1790798819.528012119 1c2acf93702b177d 5 1790797943
1790798819.789131725 1c2acf93702b177d 5 1790797943
1790798820.050864631 1c2acf93702b177d 5 1790797943
1790798820.312180562 1c2acf93702b177d 5 1790797943
1790798820.573841354 1c2acf93702b177d 5 1790797943
1790798820.836116026 1c2acf93702b177d 5 1790797943
1790798821.097000225 1c2acf93702b177d 5 1790797943
1790798821.357856633 1c2acf93702b177d 5 1790797943
1790798821.619027425 1c2acf93702b177d 5 1790797943
1790798821.879304576 1c2acf93702b177d 5 1790797943
1790798822.140688003 1c2acf93702b177d 5 1790797943
1790798822.403874719 1c2acf93702b177d 5 1790797943
1790798822.665774425 1c2acf93702b177d 5 1790797943
1790798822.927829068 1c2acf93702b177d 5 1790797943
1790798823.188462181 1c2acf93702b177d 5 1790797943
1790798823.450784111 1c2acf93702b177d 5 1790797943
1790798823.712215467 1c2acf93702b177d 5 1790797943
1790798823.973453313 1c2acf93702b177d 5 1790797943
1790798824.236413088 1c2acf93702b177d 5 1790797943
1790798824.498463223 1c2acf93702b177d 5 1790797943
1790798824.760405448 1c2acf93702b177d 5 1790797943
1790798825.022833134 1c2acf93702b177d 5 1790797943
1790798825.285293421 1c2acf93702b177d 5 1790797943
1790798825.547087470 1c2acf93702b177d 5 1790797943
1790798825.809474992 1c2acf93702b177d 5 1790797943
1790798826.070782197 1c2acf93702b177d 5 1790797943
1790798826.332411210 1c2acf93702b177d 5 1790797943
1790798826.595070357 1c2acf93702b177d 5 1790797943
1790798826.856318152 1c2acf93702b177d 5 1790797943
1790798827.117253456 1c2acf93702b177d 5 1790797943
1790798827.378663413 1c2acf93702b177d 5 1790797943
1790798827.640552980 1c2acf93702b177d 5 1790797943
1790798827.902451533 1c2acf93702b177d 5 1790797943
1790798828.164102667 1c2acf93702b177d 5 1790797943
1790798828.426718223 1c2acf93702b177d 5 1790797943
1790798828.687581294 1c2acf93702b177d 5 1790797943
1790798828.949336491 1c2acf93702b177d 5 1790797943
1790798829.212147760 1c2acf93702b177d 5 1790797943
1790798829.473982014 1c2acf93702b177d 5 1790797943
1790798829.736425350 1c2acf93702b177d 5 1790797943
